0,中國大陸民法侵權責任編評析
0,具有人格象徵意義的特定紀念物與精神損害賠償實證研究
0,「知之歸責」的擴大：民法第105條規定之類推適用
0,由國碩案論專利侵權不當得利之雙重意義——以民法第197條第2項的自有規範內容為中心
0,電桿為民法第66條第1項規定之定著物──最高法院106年度台上字第828號民事判決
0,衡平判斷與民法上之誠信原則、情事變更、違約金酌減之運用
0,從「我們的憲法」、「我們」到「我們的釋憲者」：形塑非國民之憲法上權利主體
0,《最高人民法院關於適用〈中華人民共和國保險法〉若干問題的解釋（四）》述評
0,德國民法第280條第1項第2句推定可歸責之射程範圍（譯）
0,民法典编纂“两步走”思路之检讨
0,論人格權請求權與侵權損害賠償請求權的分離
0,論不適用勞基法工時規制之住院醫師的過勞認定與民事損害賠償之請求權基礎－以最高法院106年度台上字第15號民事判決為素材
0,民法典編纂背景下重大誤解的規範構造
0,過度互聯時代被遺忘權保護與自由的代價
0,個人投資者的保護邏輯與新時代的路徑選擇──以金融產品銷售為例
0,《民法典》草案之居住權規範的檢討和完善
0,外空活動中的網絡安全國際規則探析
0,對《反不正當競爭法》中競爭關係的批判與重構──以立法目的、商業道德與競爭關係之間的體系性理解為視角
0,執行體制改革背景下“執行員”的再解讀
0,從《塔林手冊2.0版》看網絡攻擊中國家責任歸因的演繹與發展
0,民法體系語境下民事客體理論的權利思維
0,簡評民法親屬編修正草案──以贍養費修法為中心
0,違反子女利益不得「處分」乎？抑或不得「代理」處分乎？民法第1088條第2項但書規定「有待正名」乎？─最高法院103年度台上字第2650號判決提供的反思
0,分配方案異議之訴研究
0,網路空間負責任國家行為規範：源起、影響和應對
0,中國行賄罪的刑事立法困境及其完善
0,執行程序中被執行人配偶追加問題研究
0,論《行政處罰法》修改的基本立場
0,附條件不起訴適用對象的爭議問題：基於觀察發現的理論反思
0,經驗法則與意思表示之解釋
0,虛假意思表示、違背公序良俗與惡意串通損害他人合法權益作為法律行為無效原因的適用
0,新型人格利益的生成與保護
0,民法上自始客觀給付不能以及嗣後不能之法律效果(最高法院民事判決106年度台上字第1163號)
0,雙元性的家事勞動法制：東亞各國比較與國內法化方向
0,項目融資與債權質權
0,醫療常規與醫療過失之判定
0,醫療訴訟之刑法、民法、消保法、醫療法之綜合探討
0,臺灣民法誠信原則之實務發展
0,臺灣民法上之情事變更原則
0,從最高法院106年度台上字第1048號民事判決看臺灣醫事民事責任之新趨勢
0,民法動物占有人侵權責任之比較研究
0,同性婚姻立法之相關問題──由德國民法納入同性婚所帶來的疑義檢視我國之立法方向
0,臺灣法上之公序良俗
0,重塑大數據時代下的隱私權法理──以隱私權概念為主要內容
0,出賣之物之瑕疵擔保─民法第354條最近重要實務之分析
0,論多數保證人及物上保證人間之責任分擔──兼評最高法院99年度台上字第1204號民事判決
0,適法無因管理之成立及其法律效果──評最高法院107年度台上字第136號民事判決
0,中國民法學的效率意識
0,保險法第64條與民法第92條之關係(最高法院民事判決99年度台上字第742號)
0,《民法總則》中決議行為法律制度的力量與弱點
0,反腐敗視域下的“零容忍”：內涵、價值與實現
0,中國民事公益訴訟年度觀察報告（2017）
0,法律行為解釋、契約解釋與法律解釋－－以民法第98條之立法溯源與實務運用為中心
0,論民法總則的撤銷期間
0,國民參與審判選任程序詢問之觀察與檢討
0,凱撒的歸凱撒、上帝的歸上帝──最高人民法院（2016）最高法民終222號判決評析
0,論不履行法定職責案件中的判斷基準時
0,破產法視角下的仲裁：實體與程序
0,行政法意思表示理論的建構
0,訴訟模式下案卷移送制度研究
0,臺灣屏東地方法院107年度第一次國民參與刑事審判模擬法庭觀察心得──兼評「國民參與刑事審判法草案」
0,論民法典分則中人的擔保之體系重構
0,網路遊戲線上直播畫面的作品屬性再研究
0,跨學科視域下大陸架劃定法則之重塑：張力與制約
0,合夥契約性與主體性的解構－－基於民法典分則“合同法編”的視角
0,拒不履行網路安全管理義務罪的適用困境與解釋出路
0,多元環境治理體系中政府和企業的主體定位及其功能－－以利益均衡為視角
0,中國民事執行年度觀察報告（2017）
0,私法自治與強行規定──評中國大陸最高人民法院（2016）最高法民終222號民事判決
0,民法典“綠色化”與環境法典的調適
0,後果主義在司法裁判中的價值和定位
0,上市公司私有化退市的“安全港”制度研究
0,擔保債權受破產重整限制之法理與限度
0,民法典語境下成年監護改革的拐點與轉進
0,污染環境罪客觀歸責的中國實踐
0,民法典未成年人監護立法體例辯思
0,香港基本法的類型化司法適用
0,《合同法》第14條（要約的構成）評注
0,我國土地用途管制改革的法理求解
0,“商標個案審查原則”的誤讀與澄清
0,閉鎖性股份有限公司的法制介紹與未來發展
0,人格權的屬性：從消極防禦到積極利用
0,論行政事實行為的界定
0,公司股東會撤銷決議之訴的當事人：規範、法理與實踐
0,非典型的因果流程和客觀歸責的質疑
0,裁判選輯：民法類
0,從平等原則評析2017年醫療法醫療刑事責任修法
0,從一本法學期刊看臺灣法學之發展－－《法令月刊》發行69年之回顧
0,從民法認領體系論生父與非婚生子女血緣之連繫
0,區分所有權人會議決議對繼受人之效力
0,論民法上過失相抵原則於被害人身心因素之類推適用
0,約定贍養費事件之實體與程序──評最高法院106年度台簡抗字第15號民事裁定
0,裁判選輯：民法類
0,廢棄物清理法上「未經許可受託處理廢棄物罪」之行為主體釋疑－－併引介德國環境立法之模式
0,《民法典物權編》應允許流質流抵
0,關於民法第259條第2款契約解除後對利息之時效請求權探討──評最高法院88年度台上字第112號民事判決
0,刑事沒收裁判確定前後與民事強制執行之衝突探究－－兼評最高法院106年度臺抗字第669號刑事裁定
0,民法篇
0,民法學習技巧
0,行政院所提民法繼承編修正草案
0,論禁止權利濫用原則的法律適用
0,侵權行為的客體與賠償範圍
0,論契約解除後受領給付標的物回復請求關係之規範——以現行德國民法第346條相關規定為中心之探討
0,民法第310條第2款項及民法第309條第2項規定之差異(最高法院102年度台上字第1262號民事判決)
0,論全球治理體系中的國內法院
0,談民法第742條於實體法及訴訟法上的幾個問題
0,互聯網金融時代下的金融風險及其刑事規制——以非法吸收公眾存款罪為分析重點
0,我國生效民事裁判既判力主觀範圍的解釋學分析
0,民法上定金法律性質的重新省思──以臺灣高等法院106年度重上字第346號民事判決為例
0,裁判選輯：民法類
0,互聯網時代的金融犯罪變遷與刑法規制轉向
0,印證的功能擴張與理論解析
0,刑事訴訟中的例外規定初論
0,自治性商事規則法源地位否定論
0,借名登記契約是否屬「因委任事務之性質不能消滅者」之實務爭議──最高法院106年度台上字第410號民事判決評析
0,人格權商業化利用與人格尊嚴保護關係之辨
0,退休權之權利塑造：從應然權利到實然權利
0,論電子數據的雙重鑒真
0,多元體制下防禦性稅收措施的合法性困局——基於阿根廷金融服務案的考察
0,姓名權侵權糾紛的裁判規則研究
0,論淡馬錫董事會制度在我國商業類國有公司改革中的運用
0,晚清州縣司法中的“官批民調”
0,使人格權在民法典中獨立成編
0,分享經濟的規制策略—以輔助性原則為基點
0,民事行為保全擔保制度的完善路徑
0,裁判選輯：民法類
0,從善如「登」──訴訟繫屬登記與民法第244條第4項
0,確認他人惡意串通合同無效之訴的合法性檢討──最高人民法院指導案例33號的程序法評釋
0,我國經濟犯罪超個人法益屬性辨析、類型劃分及評述
0,論協商性司法的價值立場
0,我國共有物分割之訴性質研究
0,民法總則與商事立法：共識、問題及選項－－以商事代理為例
0,裁判選輯：民法類
0,從實用主義角度看習慣在民法淵源中的地位與作用
0,境外追逃追贓良性循環理念的界定與論證
0,認罪認罰從寬制度試點的實踐性反思
0,從善如「登」──訴訟繫屬登記與民法第244條第4項
0,國際海底區域擔保國責任的可能發展及其對中國的啟示
0,論刑罰概念：從“本質”到“意義”
0,勞動法分類調整模式的憲法依據
0,國際海底區域“開採法典”的制定與中國的應有立場
0,新《國家賠償法》下刑事賠償的司法實踐研究
0,從中國民法典時代特色角度談知識產權入典立法建議
0,從“居住有其屋”到“住有所居”－－我國民法典分則創設居住權制度的立法構想
0,惡意串通、債權人撤銷權及合同無效的法律後果──最高人民法院指導案例33號的實體法評釋
0,論債因在合同法中的作用
0,人民陪審員參審職權改革的中國模式及反思
0,習慣在臺灣民法債編之適用
0,准合同與債法總則的設立
0,《承認和執行外國判決公約》（草案）中知識產權條款研究
0,不動產被徵收人參與權的價值定位與制度重構
0,民法第195條第3項身分法益侵害之界線
0,大陸民法總則基本規定概論（2）
0,我國民事司法多元化改革的現狀與未來
0,法律解釋方法在指導性案例中的運用及其完善
0,登記對抗主義的反思與改造：《物權法》第24條解析
0,民事訴訟的社會化
0,民事訴訟法適用中的證明責任
0,刑事庭審實質化的維度與機制探討
0,“綠色原則”在民法典中的貫徹論綱
0,預防性刑法觀及其教義學思考
0,權力掛起：行政組織法的新變式？
0,稅收法治與納稅義務人權益之保護
0,從開放性構成要件的認定談國民法官參與經濟犯罪審判之難度－－以非常規交易罪為例
0,財政權利的邏輯體系及其現實化構造
0,系列殺人犯罪偵查分析模型的創建與檢驗
0,依法治國語境下檢察機關的性質與職權
0,稅捐法定主義之基本形貌（2）
0,俄羅斯國際私法立法之“變”與“不變”──兼論對我國國際私法立法思路的啟示
0,職業法官與平民法官在法庭的互動以及判決意見的差異（下）
0,論占有連鎖──建議民法債編增訂有償利用基地建屋之規定
0,二手菸害之侵權行為損害賠償
0,司法與不信任──論人民參審的憲法界限
0,稅捐法定主義之基本形貌（1）
0,張志朋律師編著《民法物權(圖說)》
0,論民法第八七六條之法定地上權
0,“批發”抑或“零售”──《民法總則》的編纂定位與內容評析
0,我國民法典物權編占有規則立法研究
0,司法裁判過程中權利的不確定性
0,抵押物租金債權處分之效力與民法第 864 條抵押權效力之競合－－民法研討會第八十次研討會會議紀錄
0,大陸民法總則基本規定概論（1）
0,民法第195條第3項身分法益侵害之界線
0,魁北克新民法典和人權──共通規定之新模式（譯文）
0,裁判選輯：民法類
0,中國大陸民法總則非法人組織規定的解讀
0,民法扶養義務與老人福利法第41條保護安置費用償還之適用問題──簡評最高行政法院101年度判字第562號判決
0,居於憲法訴訟權核心的冤罪防抑──評釋字第752號解釋
0,論反於真實之認領：瑞士民法、德國民法與我國民法之比較觀察
0,中國大陸民法總則的基本特徵及制度適用時的課題
0,連帶保證債務清償風險之減低或消除，可以作為沒收的客體嗎？──臺灣高等法院104年度金上重更（一）字第18號刑事判決評析
0,職業法官與平民法官在法庭的互動以及判決意見的差異（上）
0,東亞迫遷法庭及台灣居住權運動現況與挑戰
0,對卸任董事提起代表訴訟之限制──評臺灣高等法院106年度金上字第5號民事判決
0,服用毒品與不能安全駕駛──評臺灣高等法院臺中分院106年度交上易字第353號判決
0,實務法學：刑法類
0,淺論我國難民法草案之幾個問題
0,德國民法與臺灣民法動產善意受讓法律構造之比較研究
0,第二審程序基於請求基礎事實同一之當事人追加──最高法院106年度第13次民事庭會議決議評釋
0,臺灣高等法院105年度重上字第621號民事判決之評釋
0,公訴管理模式的資訊化時代變局──北京市檢察機關出庭管理系統上線運行
0,法律近代化對女性的負面影響──以民國榮縣繼承糾紛中的寡婦權利為例
0,老福法第41條照護老人費用償還請求權之定性及其與民法扶養義務減輕之關係──最高行政法院101年度判字第562號判決評析
0,證交法第171條第1項第3款特別背信罪──關於「已依本法發行有價證券公司」是否包括從屬公司之疑義
0,論以權利、義務和責任為結構的民法典模式——“民事責任後果說”之檢討
0,媽媽嘴案判老闆連帶賠償368萬─民法第188條僱用人侵權責任
0,中國大陸民法總則的新發展
0,以基金會為主導模式的慈善組織法律架構
0,德國民法上給付遲延之救濟──現代或破舊的債法？（譯文）
0,論無權代理人的責任－－對《民法總則》第171條的一種解讀
0,裁判選輯：民法類
0,民法典應當如何制定？－－關於《民法總則（草案）》第一章的修改意見
0,婚攝業者遺失影帶之非財產上損害──臺灣高等法院99年度上易字第1147號判決評釋
0,裁判選輯：民法類
0,《民法總則》規定的民法特別法鏈接條款
0,《民法總則（草案）》修改建議稿
0,論民法第979條之1與結婚目的贈與－－簡評最高法院100年度台上字第130號判決
0,論民法典立法討論中不同類型問題的輕重緩急
0,《民法總則（草案）》訴訟時效制度的修改建議
0,《法國民法典：合同法、債法總則和債之證據》法律條文及評注
0,一般債法在未來民法典中的規範配置
0,我國立法不宜正面、積極地規定法律行為的生效要件－－反思《民法總則（草案）》第121條的立法方式
0,日本非營利法人之一般法人制度
0,民商合一體制對民法典合同編的要求
0,《民法總則（草案）》（“民事法律行為”章）修改意見
0,論過失侵害利益之侵權責任－－區別權利侵害與利益侵害的困境與突破－－民法研討會第七十九次研討會會議紀錄
0,虛擬財產的範疇界定和民法保護模式
0,資料與網路虛擬財產的民法保護
0,非公開發行公司股權協議收購中目標公司小股東權益保護問題初探——兼評臺灣高等法院101年度金上字第12號民事判決
0,不動產財產權交易安全立法──民法第166條之1之可行性評估
0,詐欺罪中財產損害之判斷 ──「財產危險」概念的回顧與展望
0,一部請求的時效中斷效力－－日本時效抗辯案例考察（下）
0,我們是否需要商事審判權？（譯文）
0,中國大陸民法總則的新發展
0,論中醫傷科推拿之法律屬性及醫師詢問義務——兼評臺北地方法院93年度醫字第1號民事判決
0,說是才算同意（Only Yes Means Yes）──增訂刑法「未得同意性交罪」之芻議
0,論涉外代孕案件中外國裁判之承認 
0,咖啡店老闆的口袋有多深？－－民法第188條僱用人責任相關判決簡析（上）
0,金融法制中的「社會人」塑造
0,韓國新修正民法草案之研究 ──以民法通則與債之通則為中心
0,民法典婚姻家庭編親屬關係通則立法研究
0,從民法第1057條之制定歷史出發──論履行離婚協議事件之實體法與程序法定性
0,中國大陸民法總則新發展
0,民法典中優先購買權制度的體系設計
0,論《民法總則》第10條中的習慣－－以“頂盆過繼案”切入
0,民法典總則意思表示瑕疵的體系構造－－兼評《民法總則》相關規定
0,域外民法典中的夫妻債務制度比較研究－－兼議對我國相關立法的啟示
0,論民事訴訟時效的適用對象
0,由臺灣高等法院102年度金上字第11號判決論併購交易中之少數股東權益保護
0,咖啡店老闆的口袋有多深？－－民法第188條僱用人責任相關判決簡析（下）
0,大陸民法物權編關於所有物返還請求權之編纂建議
0,基地利用與民法第425條之1之關係回應許教授政賢「民法第425之1之適用或類推適用」一文之指教
0,定作人對於因可歸責於承攬人之事由，致工作發生瑕疵之損害賠償請求權，是否須踐行民法第493條第1項所定之定期請求修補程序？(最高法院106年度第5次民事庭會議決定)
0,民法第425條之1之適用或類推適用－－台灣高等法院台南分院100年度上易字第196號
0,不動產交易訴訟之現況與施行民法第166-1條之影響評估－－以民國105年度臺北地院之民事判決為分析對象
0,公證制度之功能與民法第166條之1法律效果
0,環境告發立法探析
0,地方性法規立項論證若干問題研究
0,刑法第三十一條的存廢與立法問題
0,抵押物租金債權處分之效力與民法第864條抵押權效力之競合
0,廣東碳排放交易管理立法的得失及其完善對策
0,地方立法立項程序的建構
0,民事實務見解回顧（三十）保證契約(上)
0,民法典編纂背景下勞動法典立法的初步展開
0,濕地保護地方立法若干重點問題探析
0,刑法中的少數民族自治地方立法變通權研究
0,民訴篇
0,未來民法典中人格權財產利益的保護模式
0,論作為政治性立法的1811年《奧地利普通民法典》
0,從民法總則到商法
0,地方性法規設定行政處罰權限探析
0,民法篇
0,黃博彥（黎律師）編著《刑事訴訟法研析(上)》
0,自由、公意與立法者──盧梭立法理論的當代意義
0,規範演進視角下的《民法總則》
0,陳明珠（侯律師）編著《身分法一本通》
0,僱用人與行為人連帶負損害賠償責任
0,行政契約之違約金是否得以酌減(最高行政法院106年3月份第1次庭長法官聯席會議)
0,最高行政法院一○六年三月份第一次庭長法官聯席會議
0,我國民法典編纂背景下智慧財產權立法模式之選擇－－以再法典化立法趨勢為視角
0,財產權之交易觀
0,日誌：2016年11月16日
0,當事人文書提出義務的制度建構
0,行政程序瑕疵的三分法與司法審查
0,受賄罪中“為他人謀取利益”的體系地位：混合違法要素說的提倡
0,融資租賃合同與附隨的回購合同關係之評析─以南京市中級人民法院(2015)寧商終字第109 號判決為例
0,最高行政法院106年3月份第1次庭長法官聯席會議
0,論質量保證期
0,關於韓國國有企業治理結構的小考－－以公共機關運營法為中心
0,最高行政法院106年3月份第1次庭長法官聯席會議
0,民法典制定中的國家與國庫問題研究
0,最高人民法院死刑複核全面審查原則再檢視
0,競技體育傷害行為的正當化根據及邊界
0,美國成年人監護監督制度研究－－兼議《中華人民共和國民法總則》的相關規定
0,論專利當然許可
0,中國語境下股權眾籌的法律性質及發行審批豁免
0,中國大陸承認與執行臺灣民事判決的立法與司法情況研究──以《最高人民法院關於認可和執行臺灣地區法院民事判決的規定》為中心
0,論憲法上的一般人格權及其對民法的影響
0,最高人民法院巡迴法庭的制度功能
0,律師職業化如何可能－－基於古希臘、古羅馬歷史文本的分析
0,《合同法》第79條（債權讓與）評注
0,締約上過失之類型及民法第二四五條之一之功能與適用範圍
0,簡析2017年中國大陸民法總則立法中網路思維
0,也論自然人外民事主體的種類和權利能力
0,獲利返還請求權與侵權損害賠償關係之辨
0,體育賽事直播的著作權保護述評
0,裁判選輯：民法類
0,民法分則侵權責任編立法研究
0,效果與反思：公安機關刑事執法質量考評機制實證研究
0,混合共同擔保中擔保人內部求償的解釋論
0,俄羅斯智慧財產權“入典”的歷史選擇
0,新中國成立以來農村集體成員權的生成－－以“農民－集體”利益關係的嬗變為中心
0,代孕法治化進程中的若干思考
0,德國民法上之應負責概念
0,民法分則婚姻家庭編立法研究
0,論所有權與時效制度的關係
0,不法原因給付對於認定財產犯罪的影響－－立足於財產概念與“非法”佔有的考察
0,“ 法學家法” 的法史演進與私法推動——以歐洲法域為視角
0,韓國商法總則和商行為編中民法地位考察
0,新《立法法》實施背景下地方立法存在的問題及建議
0,地方立法：義務教育法治的內在要求
0,《民法總則》第七章“代理”制度的成功與不足
0,第三方支付環境下非法佔有他人財物行為的定性
0,“城市的土地屬於國家所有”的規範解釋
0,臺灣稅務爭訟解決機制與借鑑
0,論我國《民法總則》中的自願原則
0,推進設區的市行使地方立法權情況分析
0,我國高等職業教育學位制度的立法探討
0,基礎回填：民法總則中的意思表示與法律行為一般規則
0,非授權交易中第三方支付機構的法律責任
0,秘密轉移第三方支付平臺資金行為的定性－－以支付寶為例
0,清代法律位階關係新論－－以《大清律例》和《戶部則例》的關係為例
0,大陸民法總則概論
0,挑戰與升級：《立法法》修訂後政府規章的發展
0,裁判選輯：民法類
0,民法總則：背景、問題與展望
0,集體土地“三權分置”的法律意蘊與制度供給
0,轉移他人支付寶錢款行為定性分析－－兼論盜竊罪與詐騙罪的競合關係
0,歐洲的“天空開放”：航權交換區域合作模式的新發展
0,地方立法能力提升的內省與前瞻──以陝西省設區的市立法現狀為樣本
0,《民法總則》的亮點與缺憾
0,《民法總則》的理解與適用
0,論合同變動的民事權利義務關係
0,服務於法史學的自然法－－19世紀末法史學在法國的形成
0,論科學確定立法專案對地方立法的實踐意義──以梅州市立法實踐為視角
0,利益協調理念下的食品攤販法律治理──基於地方立法的文本分析
0,民法親屬編規定「使同性別二人間不能成立法律上婚姻關係」違憲疑義解釋案鑑定意見書
0,臺灣人格權法的最新發展－－基於法官造法與法律修訂的雙重觀察
0,建立微信群組織他人搶紅包賭博的定性分析
0,《侵權責任法》補充責任適用程序之檢討
0,民法典編纂中繼承法編幾個問題的探討
0,最高法院一○五年度台上字第一九八○號判決
0,裁判選輯：民法類
0,論信賴保護原則與我國婚姻之保護
0,民法分則合同編立法研究
0,中國與“一帶一路”國家稅收協定優惠安排與適用爭議研究
0,延長工時相關法律問題之探討
0,無偵查權人逮捕現行犯之研究
0,公股事業之公共目的性及其確保手段
0,耶林的占有概念與占有保護學說：基於羅馬法與德國民法學傳統的考察
0,我國與法國民法上公序良俗概念之比較研究：法國民法革新對我國之啟發與借鏡
0,《中華人民共和國民法總則》的制定
0,署名權主體規則的困惑及思考 
0,證據鏈與結構主義
0,我國證券集團訴訟的模式選擇與制度重構
0,臺灣的繼受歐陸民法：從經由日中兩國到自主採擇
0,基本權利對民事法律行為效力的影響及其限度
0,虛擬財產的刑法屬性及其保護路徑
0,股權轉讓合同解除權的司法判斷與法理研究
0,論保險法上利得禁止原則之規範拘束力－－當保險法與民法上的不當得利相遇－－民法研討會第七十七次研討會會議紀錄
0,徐律師編著《圖解式法典－民法（總則‧債‧物權）》
0,運動家們
0,從周強最高人民法院工作報告觀察大陸犯罪情勢及治理策略
0,民法分則繼承編立法研究
0,股東會與董事會分權制度研究
0,論拒不履行資訊網路安全管理義務罪
0,從美國法庭之資訊公開制度反思臺灣法庭資訊之公開
0,海峽兩岸共同打擊犯罪－－以人口販運防制為中心
0,民法分則物權編立法研究
0,論網路服務商版權內容過濾義務
0,共思臺灣民法及消費者保護法上意思表示之相關問題
0,鄰避情結、鄰避設施與基本權保障－－論身心障礙者、愛滋病患者居住自由之保護
0,民法修正與消費者保護——複數的消費者保護之動向與課題（譯文）
0,員工分紅入股（或員工酬勞入股）的金手銬
0,由民法上的合夥，看有限合夥法上的有限合夥──有限合夥之成立與有限責任
0,澳洲環境保護法制運作概觀
0,論違法解僱下僱用人之受領遲延責任與危險負擔法理之交錯：以解析我國實務見解及日本法之比較為中心
0,民法第1146條有關繼承回復請求權之規定應何去何從－－從法務部修正草案暨德國立法例談起
0,不正當限制交易相對人之事業活動
0,民法“重大誤解”繼受之反思－－兼以臺灣“民法”第88條第1款為例
0,論臺灣病人自主權之現狀與挑戰
0,裁判選輯：民法類
0,TRF投資受害人之糾紛解決法律途徑解析
0,公司舉辦歲末尾牙相關會計及稅務處理實務
0,瑕疵概念的擴大與民法修正的解釋論課題（譯文）
0,正本清源再探民法第221條準用性法條的解釋與正確適用
0,談民法繼承編改採限定責任制對所得稅出售繼承取得房地之影響
0,稅制設計與企業經營
0,買賣之物之瑕疵擔保──民法第三五四條最近重要實務之分析
0,民法總則的定錨效果
0,民法典編纂中的立法語言規範化
0,一例一休與加班費
0,從民法觀點論日租套房－－兼論共享經濟時代民法之因應
0,三論民法第425條之1的類推適用
0,營利事業標購增額發行公債於第一次領息時，該扣繳稅額是否得在營所稅結算申報應納稅額中減除
0,非營利組織適用免稅標準議題之探討
0,裁判選輯：民法類
0,喪失繼承權制度之修正──民法第1145 條修正草案之評析
0,醫療民事侵權訴訟之舉證責任
0,漢晉民事司法變遷管測：基於甘肅臨澤《田產爭訟爰書》的探討
0,民法第793條但書所定「按土地形狀、地方習慣，認為相當」之判斷──評最高法院99年度台上字第223號民事判決
0,民法上之權益歸屬秩序
0,民法繼承編規範設計與司法實踐
0, 民法典制定中民事雇傭合同與勞動合同之功能與定位
0,論國家於電力供應之擔保責任
0,中國民法典草案立法建議稿•總則編
0,土耳其繼受瑞士民法典親屬法及文化衝突
0,論可撤銷法律行為撤銷權行使的方法－－以中國民法典編纂為背景的分析
0,民法之編纂－－方法與考量因素
0,土耳其繼受瑞士民法典親屬法及文化衝突
0,寵物遺失時之收容與認養的法律效力： 民法與動物保護法之適用 
0,東亞民法修改最新動態
0,民法權利客體制度的體系價值及當代反思
0,借名買房案──評天津市河北區人民法院（2014）北民再字第3號判決
0,裁判選輯：民法類
0,數位資料及附帶搜索－－以行動電話內的資訊為例
0,論民法對合同行政審批的立法態度
0,保障住房借名買房合同私法效果研究──兼評天津河北區人民法院「崔某訴白某、隋某所有權確認糾紛再審案」
0,論遺體在民法教義學體系中的地位－－兼談民法總則相關條文的立法建議
0,消極死亡協助與病人自主決定權－－德國學說、立法與實務的相互影響
0,請求權基礎規則與法典化立法
0,“未遂犯是危險犯”命題否定論
0,城鎮化進程中入市集體經營性建設用地所有權歸屬及其與土地徵收制度的協調
0,關於“完善認罪認罰從寬制度”的幾個理論問題
0,從民法之勞務契約到勞基法之勞動契約—簡評釋字第740號解釋
0,負法定轉移義務的私人及其規範的合法性
0,釋明權行使的要件及效果論－－對《證據規定》第35條的規範分析
0,理想與現實的距離－－對中國民法典編纂的冷觀察
0,行政主體法外設定行政權力研究
0,再論督促程序電子化改革的重點
0,2015年民事法發展回顧
0,民法典的理想與現實
0,智慧財產權法的立法目標及其制度實現－－兼論智慧財產權法在民法典中的地位及其表達
0,代位繼承制度之修正──民法第1140 條修正草案評析
0,最密切聯繫原則在中國的立法完善－－前瞻《民法典》編纂中的涉外篇
0,人民幣國際化的法治化思考
0,論“南海仲裁案”仲裁裁決的枉法性
0,民事行為能力制度的立法完善－－以《中華人民共和國民法總則（草案）》為分析對象
0,論詐騙罪中的被害人錯誤認識
0,論知假買假的邏輯基礎、價值理念與制度建構
0,論辯護衝突中的權利保留原則－－一種協調被告人與辯護律師關係的新思路
0,預期違約與不安抗辯權
0,比較法方法與 大法官個人意見書
0,關於制定民法總則的幾點思考
0,民法總則民事權利章評述
0,法教義學危機－－系統理論的解讀
0,太陽花運動後的國會改革展望
0,民法總則中非法人組織的制度設計
0,民法總則之期間立法研究
0,論1954年憲法上的審查獨立原則
0,移民法的新趨勢 ── 評Daniel Thym和Jürgen Bast的教授資格論文
0,民法總則中的法人分類
0,論民法總則之民事責任規定
0,“民法典”編纂中未完成作品出質制度的構建
0,民法總則“自然人”立法研究
0,意思表示的解釋規則論
0,民法總則代理立法研究
0,民法基本原則與調整對象立法研究
0,民法總則應如何規定法律行為
0,民事法律行為效力之立法研究
0,裁判選輯：民法類
0,未成年人監護制度中的監護人範圍及監護類型
0,侵權救濟四要件理論的力量－－權益層級保護方法論之檢討
0,古羅馬的海事風險及其法律規制
0,行政程序違法的司法審查標準
0,《中華人民共和國民法總則（草案）》：解讀、評論和修改建議
0,論民族自治地方組織公安部隊權－－以《憲法》第120條為核心
0,制度建設視野下的伊藤博文民法立法觀
0,論過失相抵原則於受僱醫師過勞職災民訴之適用——評臺灣高等法院臺南分院一○二年度重勞上字第一號民事判決
0,法律行為與私人自治
0,卡爾霍恩的政府論及其憲制法理學
0,審判權與執行權分離模式之建構
0,論我國民法總則中營利法人的制度安排
0,代理部分立法的基本理念和重要制度
0,國際投資仲裁中的締約國解釋：式微與回歸
0,借名登記契約當事人死亡之實務爭議──最高法院104年度台上字第1787號民事判決評析
0,臺灣民法債務不履行體系之發展—外國法之繼受、本國理論與實務之演變
0,以“社團法人與財團法人”的基本分類構建法人制度
0,“偷租”行為之性質認定
0,禮刑時代：中國法律傳統肇始之基
0,論移民法禁止期約報酬之跨國婚姻
0,民法學及其方法論－－過度關注法律適用與太少注重基礎導向？
0,第二次國家考試筆試真題民法：損害賠償和精神撫慰金－－危險方式陳列的罐頭案
0,民法法典化運動中的智慧財產權法
0,原住民家事事件之法院裁判書分析－－自原住民慣習的角度觀之
0,從男女平等觀點論民法第1018條之1自由處分金之解釋
0,人民團體行政管理機制之探討──以內政部104年之人民團體法修正草案為中心
0,候補文官閉卷考試真題民法：配偶的共同權利
0,違反子女利益不得「處分」乎？抑或不得「代理」處分乎？民法第1088條第2項但書規定「有待正名」乎？── 最高法院103年度台上字第2650號判決提供的反思
0,地方自治團體組織之探討
0,《民法典編纂與雇傭(勞動)合同規則》
0,日台民法學壇過眼錄
0,論拆屋還地案與民法第425條之1及權利濫用禁止原則之關聯－兼評最高法院104年度台上字第1477號民事裁定
0,民法總則設置商法規範的限度及其理論解釋
0,論地方立法權
0,夏蟲語冰錄（一○三）──論裁罰性之不利處分
0,民法典編纂中商事主體立法定位的路徑選擇
0,現代民法與法教義學的意義
0,澳洲法律制度運作概觀
0,美國環境侵權集團訴訟關於「集團」適格之確認
0,民法的編纂與商事立法
0,民法篇
0,成正編著《解讀大師文章觀點－民事訴訟法》－－民訴法第447條之性質
0,地制法修正「議長選舉改採記名投票」
0,王子鳴律師編著《刑事訴訟法(上)(下)》－－專題研究：以「三階段審查基準說」判斷告知義務違反之效果
0,「護孕妻勒死悍賊」與「防衛過當」
0,從王永慶「三房」配偶身分案論重婚新法規定之溯及適用──一個法學解釋方法的問題
0,民法第1001條但書之分居規定應予法制化
0,裁判選輯：民法類
0,土地法第一○四條與民法第四二六條之二先買權要件之爭議問題研究
0,民事實務見解回顧（22）抵押權設定契約書之研究(上)
0,部分工時勞工相關權益爭議問題
0,公司法與證券交易法篇
0,林律師編著《票據法解題書》－－無權塗銷與善意取得
0,針對電信詐欺集團犯罪擬修正刑法詐欺罪
0,《德國民法典》第134條中「法律」的概念——對憲法規範、公法性自治規章、一般法律原則與避法行為的可適用性
0,論法律行為的形式－－羅馬法的傳統與近現代民法的演變
0,司法責任制改革中的法官問責－－兼評《關於完善人民法院司法責任制的若干意見》
0,民法第八百六十六條有關租賃關係除去時相關法律問題之探討
0,法律禁令和法律行為
0,民法第 877 條第 2 項適用之商榷
0,論我國民法總則對商事規範的抽象限度－－以民法總則的立法技術衡量為視角
0,民法第983條禁止結婚之親屬範圍
0,裁判選輯：民法類
0,民法典編纂中惡意佔有有益費用求償權的證立及界分
0,中國專利實務：中國最高人民法院以典型案例闡釋功能性設計特徵的認定條件
0,梁氏民草：一部嚴謹的大陸法民法典草案
0,民事權利的法律技術與人格保護的民法法典化模式
0,一份創設法律規則的判決－－最高人民法院（2015）民提字第126號民事判決之評釋
0,變更判決之訴──著重觀察民訴法第397條與民法第227條之2在性質上之對應 民事訴訟法第一百二十八次研討會紀錄 
0,消保法定型化契約之理論與實務發展 民法研討會第七十三次研討會會議紀錄 
0,自兩件外國過失不實陳述判決論民法第二四五條之一第一項尤其第一款之妥適性
0,人格權財產化和財產權人格化理論困境的剖析與破解
0,人格權的積極確權模式探討－－兼論人格權法與侵權法之關係
0,比例原則在民法上的適用及展開
0,善意承租人保護之研究──以意思表示係通謀虛偽、受詐欺脅迫為中心
0,公民投票及其隱含之人民概念
0,歷久彌新或不合時宜？－－民法不動產物權時效取得制度之實踐與革新
0,國門前的難民──不遣返原則與難民法
0,最高人民法院司法解釋權：釋法抑或造法
0,刑法共同正犯概念之理解新義──第28條的現在與未來
0,裁判選輯：民法類
0,論海商法第78條第1項規定得否於海上貨運單適用
0,物權行為立法主義之研析──兼評吉林省長春市中級人民法院（2014）長民再字第00012號判決
0,醫療糾紛處理的過程與發展──以德國民法為中心
0,裁判選輯：民法類
0,國家所有和國家所有權－－以烏木所有權歸屬為中心
0,法律對採礦權的非徵收性限制
0,喪失生存機會侵權中比例責任之適用
0,我們用誠意擁抱春天
0,具體法治中的憲法與部門法
0,德國憲法上的財產權保障與股東權利
0,國體、精英吸納與榮典制度－－以民國袁世凱時代為例
0,“濫訴”之辯：資訊公開的制度異化及其矯正
0,提供欠缺安全性之服務的企業經營者責任－－民法研討會第七十二次研討會會議紀錄
0,對當前民法典編纂的反思
0,從憲法視角探討死刑制度的存廢
0,國際航空代碼共用運輸的承運人責任－－以1999年《蒙特利爾公約》為中心
0,論中國現代法學學術之開端
0,傳統醫藥在現行法秩序中的困境及其突圍－－以“假藥”的合憲性解釋為例證
0,我國《刑法》中的“共同犯罪”: “犯罪共同說”抑或“行為共同說＂
0,論民族身份的“非法律化”－－反思我國基於民族身份的民族政策
0,“近親屬證人免於強制出庭”之合憲性限縮
0,網路著作權侵權中“直接侵權主體＂判斷的規範構成－－以“私人複製例外”的合法範圍確定為中心
0,使用借貸契約第三人效力背後的方法論之辯－－臺灣地區晚近“民法＂理論與實務最具爭議之論題
0,論一八一四年Thibaut與Savigny間關於民法法典化的爭議
0,應用電子簽章機制申辦土地登記之研究
0,《歐洲示範民法典草案》和《歐洲共同銷售法》中動產買賣的所有權移轉
0,論共有人對共有物的優先購買權
0,裁判選輯：民法類
0,高校校規合法性審查的邏輯與路徑——以最高人民法院的兩則指導案例為切入
0,民法典應設立三種動產用益物權
0,環境污染與侵權行為法之損害賠償──評江蘇省高級人民法院第00001號民事判決
0,德國民法人格與名譽保護新規則法草案
0,中國民法典的立法進程與研究
0,財產獨立與資產分割之理論架構
0,泰州環境公益訴訟案的三個程式問題
0,論我輩從事立法與法學之稟賦( 上)
0,德國第一次司法考試民法原題：混淆的土地
0,論民法典法人性質的定位－－法律歷史社會學與法教義學分析
0,臺灣民法契約錯誤法則之現代化
0,論FRAND 授權聲明之意義與性質
0,論請求權體系在法定夫妻財產制中的優越性
0,論民法第864條之抵押權效力——兼評最高法院102年度台上字第44號民事判決 
0,再論相鄰關係
0,消費者保護法與民法、公平交易法之關係 
0,民法第972條等規定未允許同性婚姻合憲性之探討
0,循環貿易的商業邏輯、交易形式與合同效力－－以最高人民法院(2014)民二終字第56號判決為例
0,立法者奉送的毒蘋果——從「另類觀點」論民法第九十二條與第九十三條是錯誤立法
0,我國民法典總則中法律行為構成要素的立法設計──以權利本位的視角
0,Inheritance Dispute Resolution in Paiwan Tribes
0,習慣在臺灣民法債編之適用
0,中國民法典編纂：觀念、願景與思路
0,全面深化改革中的民法典編纂
0,法院判決終止地上權與建築物存續之問題
0,離婚後子女監護案件「子女最佳利益原則」的再檢視－評析2013年12月修正之民法第1055條之1規定
0,我國民法典編纂中的團體法思維
0,中國指導性案例生成的行政化邏輯－－以最高人民法院發佈的指導性案例為分析對象
0,民法第873條之1「流押契約自由」之解析與對房地產市場影響
0,刑事獨立沒收與追徵立法之必要－－以德、美立法為觀察
0,對於績效考核之司法審查與解僱最後手段性原則之適用－－評臺灣高等法院九十三年度勞上字第五十號民事判決
0,公教人員退休所得上限及優惠存款金額限制案-釋字第717號解釋與評析
0,探討—網路平台薦證廣告
0,從世界主義批判羅爾斯《萬民法》容忍度的概念
0,物權的架構與風格──以不動產與動產抵押為例
0,公平交易法關於廣告規範之最新發展
0,禁止公職人員及其關係人與服務機關交易案-釋字第716號解釋與評析
0,支付命令是否宜修正為不具確定判決效力
0,民法篇
0,民事實務見解回顧（十二）無權代理之要件及效果
0,谷律師編著《公法實體程序爭議研究》
0,純粹經濟上損失在臺灣侵權行為法上的保護－－以最高法院相關裁判為中心
0,債務清理法制之新進展（下）
0,散布私密照加重刑責之研議
0,臺灣的非典型擔保物權
0,法官聲請解釋憲法之研析
0,從金鼎證券結構債案檢視臺灣司法人員考試之改革方案──兼論金融監理決策與司法判決
0,民訴篇
0,陳律師編著《智慧財產權法解題書》
0,日爾曼法的權占、“ 以手護手” 與《德國民法典》的善意取得
0,臺灣民法債務不履行體系之發展──外國法之繼受、本國理論與實務之演變
0,德國犯罪利得之扣押與假扣押──以基礎規定(§§ 111b~111f StPO)為中心
0,中國大陸立法法修正評述
0,文獻新訊
0,子女最佳利益原則於我國國際私法之體現
0,自首！解放乳頭運動的法律戰－－民法與刑法的綜合運用
0,職業災害雇主之民事損害賠償責任與職災勞保給付之抵充關係－－以日本法為例 民法研討會第七十次研討會會議紀錄
0,臺灣民法契約錯誤法則之現代化
0,占有連鎖原理於物權與債權交錯領域之民法適用問題—以相對占有權與其對所有物返還請求權之抗辯權為探討中心
0,民刑交叉中合同效力的認定及訴訟程式的構建－－以最高人民法院相關司法解釋為視角
0,家庭法變遷及其與移民法之連動
0,人民法庭改革的進路選擇－－以東莞第一法院人民法庭工作實踐為視角
0,民法解釋學方法論的不確定性──以概括條款具體化為例
0,比較民法與判例研究的立場與使命
0,法經濟學中的“財產權”怎麼了？－－一個民法學人的困惑
0,論台灣社會上習慣的國家法化
0,基地、耕地承租人優先購買權的通知：民法與土地法規的扞格
0,論流浪動物致人損害的賠償──兼評北京市第二中級人民法院(2012)二中字第16207號民事判決
0,
0,司法過程的政治約束——我國基層人民法院審判委員會運行研究
0,合理原則下的單一產品問題——基於中國反壟斷法搭售案件的思考
0,犯罪定量模式檢討
0,論民法解釋學的範式——以共識的形成為研究視角
0,法人名譽權保護中的利益平衡
0,上海道契特殊法律地位的形成
0,“合同—侵權”二元民事責任體系的發展、協調與整合——兼談《民法典》責任體系的安排
0,論民法中的決議行為－－從農民集體決議、業主管理規約到公司決議
0,合憲性解釋之反思
0,專家輔助人制度研析
0,僱用人受領遲延之法律效果
0,區域財政協同治理如何於法有據：以京津冀為例
0,不受判決拘束之事後救濟
0,論公益訴訟與私益訴訟的融合——兼論中國特色團體訴訟制度的構建
0,在“公益”與“私權”之間：違法性認識問題再認識
0,民法第四八七條受領遲延之要件－－以雇主違法解僱為中心，兼評最高法院一○三年度台上字第一一一六號民事判決
0,從以房養老談幾個民法觀念
0,兩岸法定夫妻財產制度比較研究
0,無權處分行為－－善意受讓？民法第118條無權處分？
0,徐律師編著《民法債編總論》—僱用人侵權責任之成立要件
0,臺北高等行政法院一○三年度訴字第七九一號判決
0,最高法院一○三年度台上字一三三八號判決
0,和解協議效力的探討──以評析最高人民法院第一批指導性案例第2例為視角
0,以「非基本法律法典化模式」編纂民法典的立法程序：一種「實用主義思路」的合憲性思考
0,論中國民法中的「解法典化」現象
0,排他支配設定：不真正不作為犯論的困境與出路
0,論訴訟外和解契約之效力──中國大陸最高人民法院指導性案例第2號評釋
0,論婚姻法回歸民法的基本思路以法定夫妻財產制為重點
0,量刑失衡的克服：模式與選擇
0,民法第487條之1之研究──以臺灣實務見解為中心
0,再論民法上狀態責任與行為責任的區分──從功能法的角度看兩者在公私法體系中的定位
0,專利間接侵權之制度規範：我國判決實證研究與法制建議
0,遺囑錯誤：反思潘得克吞體系的一條新路
0,論刑罰裁量的簡潔化量刑活動的經驗性研究結論
0,瑞士及日本錯誤法則修正之動向
0,「走向中國民法典——歷史的機遇與挑戰」學術研討會綜述
0,論法人行為能力制度的更生
0,我國累犯從嚴實效之實證研究
0,民法法源與裁判論理──以一項經典命題的司法適用為例
0,最高法院一○三年度台上字第一一一七號判決
0,超越經驗主義立法：編纂民法典
0,瑞士法上民商合一立法模式的形成兼評「單一法典」理念
0,論重大誤解的可變更效力
0,民法典的時代特徵和編纂步驟
0,重識法學：學科矩陣的建構
0,當於租金之不當得利之時效為何？(最高法院102年度台上字第2209號判決)
0,董、監事報酬之「分配」應屬董事會可決議之事項(最高法院93年台上字第1224號判決)
0,申請專案讓售公用財產之函覆性質(最高行政法院103年度判字第552號判決)
0,民法典編纂的願景與構想
0,論民法典中債法總則之存廢
0,人權的中國特色及其普遍性之途－－評安靖如的《人權與中國思想：一種跨文化的探索》
0,憲法人格權與民法人格權
0,於承租房屋之自殺行為，是否違背善良風俗而成立侵權責任？(最高法院103年度台上字第583號判決)
0,著作權是否得時效取得及善意取得？(最高法院103年度台上字第5號判決)
0,股份有限公司與董事間之關係為有償契約，無盈餘亦得請求(最高法院94年台上字第2350號判決)
0,單一選區兩票制與5%政黨門檻規定之合憲性(釋字第721號【政黨比例代表選舉案】)
0,目的性限縮”在行政審判中的適用規則－－基於最高人民法院指導案例21號的分析
0,編纂民法典必須擺正幾對關係
0,民法典的規範表達研究
0,依違於禮教與宗教之間－－《欽定大清刑律》“發掘墳墓罪”研究
0,離婚後子女監護案件「子女最佳利益原則」的再檢視──試評析二○一三年十二月修正之民法第一○五五條之一規
0,民法第1168條之擔保責任(最高法院103年度台上字第2291號判決)
0,民法第426條之2及土地法第104條之優先承購權(最高法院103年度台上字第2263號判決)
0,依無效董事會召開之股東會，得撤銷(最高法院96年度台上第2833號民事判決)
0,不可罰之後行為(最高法院98年度台抗字第691號裁定)
0,全民健康保險醫療服務點數申報期限規定之法律保留密度(釋字第723號【全民健康保險醫療服務點數申報期限案】)
0,論民法任意性規範的合憲性解釋－－以余麗訴新浪網公司案為切入點
0,關於編纂民法典須處理的幾種關係的思考
0,民法典的規範類型及其配置關係
0,民國初年的司法獨立－－司法總長梁啟超的理論與實踐
0,監察人依公司法第223條規定，代表公司與董事為買賣、借貸等法律行為無須依董事會決議為之(最高法院100年台上字第
0,明示同意作為傳聞證據之效力(最高法院103年台上913決)
0,行為局部同一之想像競合犯(最高法院101年度台上字第2449號判決)
0,申請行政程序重新進行事由「發現新證據」之認定(最高行政法院103年度判字第319號判決)
0,論民法中的國家政策－－以《民法通則》第6條為中心
0,中國民法典的生活世界、價值體系與立法表達
0,勞動者忠實義務論
0,公司法第27條第2項但書適用之限制(高等法院高雄分院102年度上字第326號判決)
0,通訊監察譯文為傳聞證據？(最高法院103年台上2353決)
0,貨車司機假日開小客車＝執行業務？(臺高院暨所屬法院91年法律座談會刑事類提案第8號)
0,「禁止不利益變更原則」於行政救濟之適用(最高行政法院103年度判字第562號判決)
0,合法行為與違法行為的區分及其意義－－以民法學為考察領域
0,薪資報酬委員會獨立性與專業性之再思考
0,從子女利益觀點論涉外民事法律適用法關於準正之準據法則
0,民法第一八四條第二項之適用
0,法律方法視域下的人民法院改革
0,和解之錯誤
0,董監薪酬及適當性的問題與對策
0,打擊聯合行為法制之晚近變革
0,再論人民法院審判權運行機制的構建
0,我國中斷議約之實務問題——民法研討會第六十九次研討會會議紀錄
0,弱勢司法、弱勢權利──在中國大陸的法庭上實現憲法權利
0,親屬法的理論與實務
0,個人提供土地合建分售之課稅疑義
0,臺灣都市計畫法總體檢
0,文獻新訊
0,論民法第876 條法定地上權「同屬於一人」要件之解釋與界限
0,占有連鎖原理於物權與債權交錯領域之民法適用問題－－以相對占有權與其對所有物返還請求權之抗辯權為探討中
0,刑事訴訟法上之法定法官原則－－從釋字第六六五號案件事實出發
0,私有公共設施用地免徵地價稅－－評臺北高等行政法院一○一年度簡字第三六九號判決
0,律師考試第二試選試科目命題大綱
0,最高法院一○三年度台上字第七九九判決
0,現代民法典編纂的沿革、困境與出路
0,從身心障礙者權利公約之觀點評析臺灣之我國成年監護制度
0,無邦交國家的電匯款返還之訴－－國際私法的觀點
0,「公益揭露人保護法草案」評析
0,中國公司對外擔保規則特殊性研究－－兼論民法商法思維方式的對立統一
0,民法典體系下婚姻家庭法之基本架構與邏輯體例
0,論外籍配偶的法律地位－－以入境、居留與歸化為中心
0,論專利授權契約及專利權撤銷實務
0,我國民法脆弱的一環？——從日本家庭裁判所成年監護案件審理現況談起
0,商品自傷非商品責任的保護客體──評最高法院九十六年度台上字第二一三九號民事判決
0,中國大陸未來民法典中代理制度之構想（下）
0,民法245-1的適用範圍(最高法院100年度台上字第390號判決)
0,民法第四八三條之一之研究
0,論預約在法教義學體系中的地位－－以類型序列之建構為基礎
0,「末位淘汰」的司法應對－－以指導性案例18號為分析對象
0,功能性技術特徵的識別與保護範圍的界定－－最高人民法院法釋 [2009] 21號司法解釋第4條的適用與完善
0,我國擔保法之實務發展——民法研討會第六十八次研討會會議紀錄
0,民法472條1項之適用，不問其是否訂有期間、是否具正當理由(最高法院100年度判字第127號民事判決
0,對於民法第八六七條抵押權追及性之研究與建議
0,大法官會議解釋－－釋字714號～722號
0,論消費者保護法上的告知義務－－兼評最高人民法院第17號指導性案例
0,劉律師編著《民法總則爭點破解》 －意思表示之解釋
0,民法184條1項前、後段為不同請求權基礎且保護客體不同(最高法院98年度台上第1843號民事判決)
0,臺、美刑法「不能未遂」之初探
0,民訴篇
0,承攬瑕疵擔保與不完全給付
0,以效率作為資本市場法的指導原則－－用經驗和經濟的方法論證民法、刑法以及公法中的制裁手段
0,電子投票制度對股東會運作之影響－－比較法下的視野
0,罷免立法委員募款活動相關問題
0,歐洲聯盟移民法制之探討
0,日本刑事訴訟制度改革十年回顧及省思
0,民選首長停職及復職相關問題
0,中國大陸未來民法典中代理制度之構想（上）
0,民法第866條與土地法第104條的優先購買權
0,邱律師編著《公司法選擇‧實例實戰解析》－－公司章程
0,2008年金融危機之成因－－以美國與國際法律規範演變為中心
0,消滅時效制度之整合與變革－－歐洲契約法原則第14章及德國民法典修正之比較觀察
0,從歐盟消費者保護政策與爭議處理機制之發展－－探討我國消費者保護政策應有之方向
0,民法篇
0,從關廠工人案談公私法區分
0,家事審判之事證蒐集原則（上）
0,車輛靠行之交通公司依民法188條負僱用人責任(最高法院102年度台上第2300號民事判決)
0,民法總則講座：第四講──法人的意義、種類與能力
0,徐律師編著《民法總則》－錯誤意思表示之處理
0,民法第184條1項前後段為不同請求權，保護客體亦相異(最高法院99年度台上第1704號判決)
0,金融消費者保護法與民法之融合與續造──兼論法理扮演的角色／台北地院100店簡527判決
0,民法研究的心理學實驗路徑
0,深化農村土地制度改革的法律解讀：論土地承包經營抵押的制度構建
0,論隱名出資－－對「公司法解釋（三）」相關規定的批判與發展
0,違反錄音錄像規定訊間筆錄證據能力研究
0,日本民法中判例的功能──以侵權行為法為主
0,人民法院司法公信現狀的實證研究
0,深化農村土地制度改革的法律解讀：堅持農村土地集體所有權
0,「嚴格責任」抑或「推定責任」－－性侵未滿12週歲幼女的責任類型辨識
0,利用自動販賣機與網路購物之法律關係－－以民法第154條第2項之角度再觀察
0,深化農村土地制度改革的法律解讀：構築土地制度改革中集體建設用地的新規則體系
0,論我國民事訴訟中鑑定人不出庭作證之應有後果－－「民事訴訟法」第78條釋析
0,權利能力的雙重角色困境與主體資格制度重構
0,公共規制的知識基礎
0,國家結構、競爭政治與法治－－基於1996-2009年間數據的分析研究
0,中西歷史情境中「民法」之共同核心研究－－以功能性比較為路徑
0,論抵押財產出租時抵押權與租賃權的關係－－對「物權法」第190條第2句的理解
0,我國消費者保護懲罰性賠償的新發展
0,理想與現實的衝突及整合：唐代「別籍異財法」研究
0,違章建築事實上處分權之實務回顧與理論建構－－民法研討會第六十七次研討會會議紀錄
0,專有部分與共有部分併為處分
0,承諾函的國際管轄、法律適用和性質認定－－以中國大陸最高人民法院（二○○四）民四終字第五號民事判決為分析對象
0,公寓大廈管理條例與民法新舊條文的適用關係
0,意思表示之解釋－－兼論中國大陸最高人民法院（二○○四）民四終字第五號民事判決
0,民法第一百八十四條第一項後段保護之客體
0,公法上意思表示之效力應類推適用民法(最高行政法院101年訴字第1607號判決)
0,損益相抵與職業災害勞工保險給付：以勞保給付年金化後之爭議問題為中心
0,民法上的利益位階及其考量
0,再論民法第425條之1的類推適用
0,從締約自由之保障檢討我國民法上錯誤之規定
0,強制執行之競合
0,執行酒測機關應踐行之正當法律程序
0,家事事件法中之收養非訟事件—從實體法的觀點
0,不完全履行與不完全給付
0,我國不當得利法的問題和未來構想
0,美國網路安全的政策戰略演進及當前立法重點
0,第三人撤銷訴訟與案外人申請再審制度的銜接可能
0,司法改革細節：法官說理義務
0,對占有物費用支出償還之探討－－以我國民法第954、955及957條規定為中心
0,155條第四項連續交易炒作股價之問題整理
0,刑事程序限制出境(海)之規範與實際問題
0,反對歐洲民法典
0,德國不當得利法的構造與中國不當得利法的完善
0,美國信息安全的威脅、政策和法律
0,日本民法的動物責任
0,102年度民事實務見解回顧(二)法律行為（民法總則）
0,訴請董事會決議不存在與權利濫用─高等法院98年度上更（三）字第62號民事判決
0,民法第1112條之1適用問題(102年度台簡抗字第48號裁定)
0,保證債權消滅時效之中斷──保證債務之繼承人是否為民法第747條所稱之保證人？／最高院99台上2292判決
0,論不當得利一般條款置於民法典總則－－基於義大利法與羅馬法的思考 
0,對我國當前民法“體系”的觀察與思考－－以《物權法》為例
0,侵權法上過失的客體－－一種解釋論模式的檢討
0,論缺陷產品預防性除險責任－－以《侵權責任法》第45條為中心
0,從《公民權利和政治權利國際公約》第14條第5款看最高人民法院對刑事案件的一審管轄權
0,判決效力擴張於系爭物受讓人之判準
0,我國服務合同一般規則的建構
0,人權保障：現代私法的基本價值取向
0,從商事法的角度看待中國未來民法典的制定
0,論電腦犯罪及其立法完善
0,民法第166-1條不適於施行之初探
0,民法第195條之1修正草案擬增訂懲罰性賠償制度相關問題探討
0,未定期限無償地上權之終止─最高法院100年度台上字第599號判決
0,論債法總則的體系地位與規範結構
0,從裁判實務看無因管理制度的體系定位－－以無因管理與不當得利之關係為切入
0,德屆刑法電腦犯罪修正案研究
0,對權利本位的質疑與超越
0,中國卓越法律人才培養機制研究
0,我國新修正食品衛生管理法之解析與反省：回應食安危機
0,社會抗爭與刑法的極限──關廠工人臥軌刑事案件法律研討會
0,Maryland v. King（四）－－合法逮捕之附帶搜索的例行性羈押程序之DNA檢測
0,論潛在損害的訴訟時效
0,英美侵權法中的因果關係－－法律傳統和法律政策視角下的考察
0,大法官釋字第587號解釋之評析－－信任與安定之恆古的家庭制度設計
0,善意父母原則之內涵與落實－－兼評民法第1055條之1之修正
0,失落的道德線──食用油事件之省思
0,民商合一制之問題研究──以民法第127條第8款規範內容之現代化問題（智財法院97民專訴61判決）為中心
0,合理保密措施與客戶資訊之營業秘密保護／最高院102台上235民事判決
0,中國需要什麼樣的民法典
0,性別主流化與女性人身安全保障－－從臺灣經驗出發
0,違背公共政策契約的法律經濟學分析
0,刑事法實務見解NO.238
0,畫餅充飢的食品安全風險管控策略──簡評食品衛生管理法修正
0,背信罪的財產損害與共犯－－評台灣高等法院97年度矚上易字第1號刑事判決
0,檢察官訊問時的告知義務／最高院101台上6332判決
0,論民族主義與中國民法典
0,我國民事審級制度的歷史考察與反思
0,論善政
0,污染行為、整治義務與責任繼受的法律關聯與憲法思辨
0,直接或間接操縱市場行為之構成要件
0,表見代理責任之排除──銀行「可得而知」辦理美金定存之代理權限不及於購買連動債券／台高院100上202判決
0,民法上「權利失效理論」之繼受與發展：以拆屋還地之類型為中心
0,論我國最後貸款人制度的法律完善－－兼談中國人民銀行的核心角色
0,德國專家責任的建構－－以保護純經濟上損失的交易安全義務為基礎
0,從制度演變看世界金融危機的誕生、演變與治理
0,牛奶安全爭議與新聞自由
0,抵押人對普通保證人求償權的檢討
0,註銷國軍眷舍原眷戶之眷舍居住憑證非授益行政處分之廢止／最高行政法院102年10月份第二次庭長法官聯席會議
0,財產、合同及證明：財產權法定問題與權利的可分性
0,探求緊急避險的法理理由－－道德可譴責性、經濟效益和社會公平
0,日本商標法對商標權效力的限制
0,電報放貨通知單之迷惑——以臺灣基隆地方法院101年度海商第4號民事判決為中心
0,薩維尼、霍姆斯和佔有的法經濟學分析
0,汽車保險消費者權益保護問題研究
0,尋找新民法典：「三思」而後行民法典的價值、格局與體系再思考
0,法庭內的正義如何實現－－最高人民法院刑事訴訟司法解釋中法庭紀律及相關規定
0,為同一債權先後設定之抵押權是否為共同抵押
0,可能與限度——比較法在司法裁判中的運用
0,文書提出命令申請與審理程序——以日本民事訴訟為視角
0,民法第359條解除契約顯失公平之判斷標準（最高法院101年度台上字第1769號民事判決）
0,民法第184條第2項之解釋與適用——從實務之觀點談「違反保護他人法律」之具體化
0,通過判決塑造認同——歐盟法院與歐洲認同
0,論侵權法律實踐中純粹經濟損失及其救濟
0,人民陪審制度的職能異化及其克服——以民事訴訟為視角
0,我國司法經驗整體化的實踐與反思－－以《最高人民法院公報》中的民事案例為對象
0,公私協力夥伴關係與委託公務員
0,戴著鐐銬舞蹈——典型司法案件的法社會學鏡像
0,社會轉型與人權——以孟買為住房權而鬥爭為例
0,監護人責任歸責原則——基於《侵權責任法》第32條的解讀與思考
0,簡析剩餘財產分配請求權的法律性質－－民法第一○三○條之一第三項的反覆修法
0,淺談我國非傳統商標
0,比例原則在行政執行制度的運用與檢討
0,鄉村司法的現代轉型與發展悖論——以鄂西南錦鎮人民法庭為中心
0,民國妻告夫妨害婚姻訴狀的文化解釋——以廣東新會檔案為例
0,實用工具主義法學：第四大法律理論？——薩默斯法律思想解讀
0,談民法情事變更原則的規定──側重工程案件方面觀察
0,論近期實務對於民法繼承編施行法「顯失公平」隻解釋適用
0,信賴損害賠償請求權理論的建構
0,現行商品責任規範的檢討
0,共有物的裁判分割
0,對於民法第八六七條抵押權追及性之研究與建議
0,精神疾病與雇主之職業災害補償及民事賠償責任
0,論人格權民法保護範圍擴張之途徑
0,德國民法上勞動契約的特性
0,勞動者集體爭議行動地方法制化之研究──以廣東模式為視角
0,從以房養老看物權的自由化──再談民法作為自治與管制的工具
0,論中國大陸有價證券私募之法制
0,論中國大陸外資審批制度──以須經審批之合同效力為中心
0,“平衡論＂與“政府法治論＂的同構性－－以政府與人民法律地位平等為視角
0,東亞繼受歐洲法的翻譯問題
0,事實上密切關係之人與民法第876條之法定地上權——最高法院97年臺上字第1273號、98年臺上字第478號、99年臺上字第345號判決綜合評析
0,民法第876條法定地上權的類推適用
0,最高人民法院刑事司法解釋法律淵源地位之證偽
0,權利意志論之於民法學的意義
0,走進法律經濟學：第五章 維繫社會的變與不變——「民法」初探
0,從飛機旅行案看德國的民法方法論
0,民法總則講座第二講：自然人的行為能力及住所
0,兩種責任理念的碰撞與三種不同的思路－－我國民法體系矛盾的解決方案
0,民法篇
0,區分所有建築物之專有部分與分管契約──最高法院九十九年度台上字第一一五○號民事判決
0,買受人另行交付無瑕疵之物請求權的射程範圍──以歐體消費物買賣指令及歐洲法院判決對德國民法之影響為中心
0,德國民法上違反締約時說明義務之損害賠償責任－－兼論以契約之回復原狀做為損害賠償方法在我國法上適用的可能性
0,民訴篇
0,從強制設置薪酬委員會談起
0,大法官保護了誰？──釋字第689號的初步觀察
0,民法第二二七條之二增減給付或變更原有效果請求權之除斥期間及消滅時效問題──探討最高法院九十七年度台上
0,批准生效合同報批義務違反之救濟──（二○○九）民申字第一○六八號裁定評釋
0,加盟契約與民法第二四七之一條之適用
0,我國民法與英國婚姻訴訟法之比較── 以夫妻財產分配和家務勞動評價為中心
0,繼承制度對於繼承債權人之保護——以民法第1148條之1為中心
0,德國醫事民法中病人與有過失之探討
0,違反公序良俗法律行為的類型分析--兼評最高法院民國92年度臺上字第2061號判決
0,公司法‧證券交易法篇
0,冒領存摺存款行為之刑責──評最高法院一百年度台上字第三二三二號判決
0,中國特色案例指導制度的發展與完善
0,過勞醫師疲勞駕駛交通事故致死，醫院也須負責？──日本的經驗
0,未生效合同及其法律後果之辨
0,繼續性供給契約消滅之效力
0,故意既遂犯的構成要件該當性
0,網路拍賣契約成立、生效與撤銷等基本問題之研究
0,未經審批之外資股權讓與合同的效力──以「仙源案」為例
0,論勞資爭議仲裁機制
0,談死後認領非婚生子女繼承權——簡評最高法院100年臺上字第452號判決
0,法務部長辦公室木門遭踹破事件
0,論民商事司法解釋的原則與功能──以「最高人民法院關於審理買賣合同糾紛案件適用法律問題的解釋」為例
0,中國大陸「侵權責任法」背景下醫療損害責任的承擔方式
0,社會秩序維護法修正評析——兼論「社會秩序維護法」之存、廢
0,中國礦業權流轉制度的反思與重構
0,論監護人對被監護人侵權行為的替代責任
0,民訴法修訂背景下對訴調對接機制的思考
0,論我國人民法院的憲法解釋和違憲審查提請權－－以立法法第十九條的規定為視角
0,中國特色社會主義民法學理論研究
0,論我國反腐敗刑事法制的完善
0,關於出版社合同立法的反思與重構──兼議著作權法修改草案中的相關規定
0,立法原意應當如何探尋：對《人民檢察院刑事訴訟規則(試行)》的整體評論
0,PACL與韓國民法修改
0,中國特色社會主義社會法學理論研究
0,公司非相關連性商事擔保的規範適用分析
0,論被告人的閱卷權
0,從日本民法典到PACL
0,論伊利的憲法解釋方法
0,我國保險資金運用法律規則的審視與優化
0,非金融機構貸款人融資機制研究
0,論歐盟國際制裁法律基礎的革新
0,論行政法實施過程的全面動態考察
0,美國公司法公司機會原則探析──以美國緬因州東北海岸高爾夫俱樂部訴哈里斯案為例
0,論沿海國對其金屬經濟區內船舶汙染的立法管轄權
0,「臨床裁量權」和「行為有價值」乃「醫療民法」和「醫療刑法」不可牴觸的底線
0,法律行為違反限制競爭規範在私法上之效力
0,民法總則講座：第一講：自然人的權利能力
0,律師於民事訴訟程序拒絕證言權之行使
0,論刑事程序之限制出境
0,談設置原住民法庭的時代意義－－從維護原住民權益思考重新發現正義（下）
0,民間社團呼籲立法院盡速通過難民法及對於難民草案之意見
0,論民法第四八三條之一僱用人對於受僱人之保護義務
0,談設置原住民法庭的時代意義－－從維護原住民權益思考重新發現正義（上）
0,當事人於第二審訴訟程序中，以民事訴訟法第255條第1項第2款「請求之基礎事實同一」之規定為據，追加原非當事人之人為當事人，法院可否准許？(最高法院106年度第13次民事庭會議)
0,民事訴訟法第496條第1項第1款「適用法規顯有錯誤」之再審事由，關於消極的不適用法規是否包括在內？(最高法院民事判決107年度台上字第1918號)
0,蔡律師編著《民事訴訟法解題書》
0,民事訴訟法第465條之標點符號錯誤
0,蔡律師編著《民事訴訟法解題書》
0,以民事訴訟法視角看公營事業股權轉讓裁判──以台灣高等法院105年重上字621號民事判決為中心
0,民事訴訟法適用中的證明責任
0,成正編著《解讀大師文章觀點－民事訴訟法》
0,論民事訴訟上之獨立第三人反訴－－民事訴訟法研究會第一百三十五次研討紀錄
0,第三審法官裁判之詮釋與規範－－以民事訴訟法第469條第6款為核心
0,民事訴訟法第254條修正條文簡介
0,民事訴訟法第254條修正的全方位點評
0,許恒輔律師編著《民事訴訟法（上）》
0,非訟法理於家事紛爭解決之適用與界限－－以離婚與相關子女親權行使問題為中心－－民事訴訟法研究會第一百三十四次研討紀錄
0,中國民事訴訟法學研究會2016年年會綜述
0,民事訴訟法上之自由心證(最高法院105年度台上字第2320號)
0,民事訴訟法所定督促程序缺失改善之建議
0,許律師編著《民事訴訟法（下）(學說論著)》
0,執行和解的法解釋論展開－－《民事訴訟法》第230條評注
0,醫療民事侵權訴訟之舉證責任
0,從日本民事訴訟法之修正論國際裁判管轄規則法制化
0,2015年民事訴訟法發展回顧：民事及家事裁判之新發展
0,甯律師編著《破解民事訴訟法爭點解讀》
0,電子訴訟潮流與我國民事訴訟法的應對
0,成正編著《解讀大師文章觀點－民事訴訟法》－－民訴法第447條之性質
0,相煎何太急──從部分最高法院關於民事訴訟法第288條適用之妥適性談起
0,變更判決之訴──著重觀察民訴法第397條與民法第227條之2在性質上之對應 民事訴訟法第一百二十八次研討會紀錄 
0,涉外假扣押──最高法院一○三年度台抗字第一○二○號裁定
0,當事人合意擴張撤銷仲裁判斷事由之研究－－民事訴訟法研究會第一百二十七次研討紀錄
0,民事訴訟法第254條不動產爭議訴訟繫屬登記要件及其效力探討
0,2014年民事訴訟法裁判回顧：程序選擇權、非機構仲裁與國際審判管轄合意
0,中國民事訴訟法學發展評價（2012～2013）－－基於期刊論文的分析
0,民事訴訟法所定督促程序缺失改善之建議
0,訴訟繫屬中之訴訟標的法律關係，僅一部移轉於第三人者，是否有民事訴訟法第254條第1項規定之適用？－－最高法院103年度台上第808號民事判決
0,法院職務上已知事實與事實提出之程序基本原則──以民事訴訟法之財產訴訟事件與家事事件法第十條第二項之事件為中心
0,送達之不知與民事訴訟法第164條之回復原狀 民事訴訟法研究會第一百二十三次研討紀錄
0,文書提出義務的實踐與反思——以勞動爭議為視角
0,新《民事訴訟法》視野下的惡意訴訟規制
0,論督促程序中相對人之程序保障——以有理由性審查之充實為核心 民事訴訟法研究會第一百二十二次研討紀錄
0,蘇聯民事訴訟法上B03paжeHиe制度研究
0,法國新仲裁法之評析
0,民事訴訟法上有關法院職員之迴避
0,論我國民事訴訟中鑑定人不出庭作證之應有後果－－「民事訴訟法」第78條釋析
0,民事訴訟上證明概念之再考－－以兩個「既矛盾又一致」的高等法院判決為例－－民事訴訟法研究會第一百二十一次研討紀錄
0,協議管轄問題研究－－對「民事訴訟法」第34條和第127條第2款的解釋
0,政府採購法第85條之3調解委員提出「書面調解建議」之適用疑義──一個涉及調解與仲裁關連之民事訴訟法觀點分析
0,司法確認程序之探討——對「民事訴訟法」第194-195條的解釋
0,對民事訴訟法學貧困化的思索
0,論股份公司股東權利的分離－－以“一股一票”原則的歷史興衰為背景
0,論作者權體系的崩潰與重建－－以法律現代化為視角
0,新類型擔保的法律定位
0,商品房預售中預告登記制度之質疑
0,當今我國刑事司法的十大誤區
0,憲法全球化中的逆流：美國司法審查中的外國法問題
0,中國大陸新民事訴訟法增設的第三人撤銷之訴制度
0,第三人作為當事人主動加入訴訟之探討－－以我國民事訴訟法第54條規定為核心
0,民事訴訟誠信原則的規則化研究
0,論股權捐贈的法律規制
0,格、職、級與競爭上崗－－法院內部秩序的深層結構
0,中國大陸新民事訴訟法成立之背景及意義
0,中國大陸新民事訴訟法之證據制度──修正與解析
0,新民事訴訟法關於庭前準備之若干程序規定的解釋適用
0,消失的二審失權：一個修正十周年結算！（下）──特別重新回顧檢討民事訴訟法第447條第3款及第6款之失權事由
0,消失的二審失權：一個修正十周年結算！（上）──特別重新回顧檢討民事訴訟法第447條第3款及第6款之失權事由
0,我國民事訴訟法學的現代化轉向
0,二○一二年大陸民事訴訟法修訂對其仲裁制度之影響
0,民事案件「調解優先」政策在思考——以新《民事訴訟法》先行調解制度為視角
0,中國涉外民事訴訟中電子送達立法檢視
0,最接近規則：證人特殊作證方式的選擇——兼評新《民事訴訟法》第73條之規則
0,論法院闡明義務之目的、功能與範圍界限──以德國法為中心
0,羅馬法上的訴：構造、意義與演變
0,德國一般交易條款內容控的制度經驗及其啟示
0,法國第三人撤銷之訴研究－－兼與我國新《民事訴訟法》第56條第3條比較
0,中國民事訴訟法學發展評價(2010-2011)
0,刑事案例指導制度：難題與前景
0,明天是好否還是有無？
0,中國刑事訴訟法學發展評價(2010-2011)
0,刑事案例指導制度：價值、困境與完善
0,合同解除異議制度研究
0,論徹底的事實審
0,論侵害占有的損害賠償
0,調解優先：改革范式與法律解讀
0,買賣不破租賃與承租人保護
0,錯位與回歸：民事再審制度之反思－－以民事程序體系的新發展為背景
0,簽證會計師責任之再檢討——從民法與民事訴訟法對應適用的觀點評臺灣板橋地方法院九十八年度金字第三號判決
0,新民事訴訟法的理論詮釋專題
0,日本民事訴訟法上誠實信義原則之解讀
0,三十年間民事訴訟法學高影響論文分析
0,民事訴訟法事實審引進律師強制代理制度之立法論題
0,新民事訴訟法：第七講  再審(下)
0,二審程序有無民事訴訟法第一○九之一條之適用——最高法院九十八年度台抗字第八七五號裁定
0,重訪民事紛爭解決的法理實踐：以家事事件看民事程序之訴訟觀的演進
0,小額訴訟救濟機制比較研究——兼評新修改的《民事訴訟法》有關小額訴訟一審終審制的規定
0,刑事訴訟發回重審制度的反思與建構——以民事訴訟法修正案草案為視角
0,全球化背景中現代民事訴訟法改革的方向與路徑
0,中國大陸人民法院民事判決效力之承認與憲法之訴訟權保障--民事訴訟法研究會第一百一十三次研討紀錄
0,《民事訴訟法》修訂重要問題研究民事訴訟法修改的價值取向論評
0,家事事件法若干解釋上問題--民事訴訟法研究會第一百一十五次研討紀錄
0,民事訴訟法第56條之1強制固有必要共同訴訟與民法第828條修正前後之互動（下）－－實體法與程序法對應適用之研究（一）
0,中國大陸人民法院判決效力之承認與憲法之訴訟權保障
0,民事訴訟法第56條之1強制固有必要共同訴訟與民法第828條修正前後之互動(上)
0,新民事訴訟法連載：第六講──再審（中）
0,二審程序有無民事訴訟法第109-1條之適用
0,民事訴訟法第二四四條第四項之法律效果疑義
0,民事復審程序類型化研究
0,家事程序法制之新變革及程序原則--家事事件法之評析及展望--民事訴訟法研究會第一百一十四次研討紀錄
0,損害額之酌定損－－併以最高法院98年度台上字第1831號判決為檢討之案例
0,不當得利返還訴訟中無法律上原因事實之舉證責任分配--民事訴訟法修正後審判實務之舉證責任分配(一)(下)
0,從身高到基因：中國反歧視的法律發展
0,論所有權受侵害的類型化及規範適用
0,制定法時代的習慣法——專題絮語
0,中國民事訴訟法學成長的啟示——以知識社會學為視角的分析
0,中國民事訴訟的「案件管理」——商事案件程序流程中的法官／法院與當事人
0,中國大陸仲裁法實施後仲裁制度的新發展
0,「程序主體」概念相對化理論之形成及今後（下）──基於民事訴訟法修正意旨及其前導法理之闡釋
0,過失侵權中的精神創傷賠償
0,尊重與吸納：民族自治地方立法中的固有習慣法——以《大瑤山團結公約》訂立為考察對象
0,民事訴訟法再修改的問題與展望
0,無權處分與無權代理
0,不當得利返還訴訟中無法律上原因事實之舉證責任分配--民事訴訟法修正後審判實務之舉證責任分配(一)(上)
0,執法檢查的政策功能
0,習慣如何進入國法——對當代中國習慣處置理念之追問
0,兩岸新國際私法典中關於離婚準據法之規定與省思——兼論歐盟羅馬規則Ⅲ
0,消極確認之訴的理性闡釋——兼對九十九年度重訴字第六九四號民事判決的分析
0,原告管轄權異議之分析與消解
0,當代中國法律、行政法規中的習慣——基於為生活立法的思考
0,日本油症事件實務判決之考察
0,新民事訴訟法連載:第六講 再審(上)
0,論小額訴訟立法應當緩行——兼評《民事訴訟法修正案(草案)》第35條
0,侵權訴訟與責任保險的糾結——從兩方對抗到三方博弈
0,損害額認定制度研究
0,法國勞動法中解雇權的變遷及其啟示
0,戰後臺灣民事訴訟法學發展史
0,論僱用人之侵權責任
0,「程序主體」概念相對化理論之形成及今後（中）──基於民事訴訟法修正意旨及其前導法理之闡釋
0,新民事訴訟法之爭點(五)行為責任之舉證責任(下)
0,關於「違反誠實信用原則」抗辯之審理簡評最高法院97年度臺上字第2263號判決--民事訴訟法研究會第一百十二次研討紀錄
0,我國民事訴訟法應確立債務人異議之訴
0,「程序主體」概念相對化理論之形成及今後（上）──基於民事訴訟法修正意旨及其前導法理之闡釋
0,新民事訴訟法之爭點(五)行為責任之舉證責任（上）
0,不能犯與中止犯適用之若干問題點
0,刑事法實務見解NO.187
0,完善民事訴訟制度的宏觀思考
0,"皮諾切特案第3號:引渡主權豁免與其限制國際公罪Regina v. Bow Street Metropolitan Stipendiary Magistrate And Others Ex Parte Pinochet Ugarte (No. 3) House of Lords, 24 March 1999, [2000] 1 A.C. 147."
0,論扣減式自負額與不足額保險之互動
0,股東會決議欠缺定足數之瑕疵/台高院99上345
0,正犯、教唆犯、幫助犯學理與實務差距
0,複合問句的謬誤與誘導詢問(中)
0,作為犯罪預備的教唆行為
0,試用期間勞動關係之法律性質及其終止
0,殺人故意與傷害故意區分的實體與程序問題
0,論「供擔保代釋明」之假扣押評析民事訴訟法第526條第2項之修法變化
0,資訊、變項及關聯性(下)
0,請求假釋的權利與假釋決定的救濟
0,凱爾生
0,既判力與行政程序重開及違法行政處分之撤銷
0,訴訟和非訴訟相結合糾紛解決方式與民訴法修訂
0,抽沙污染海域影響附近蚵苗成長
0,不良廠商之通知與刋登政府採購公報
0,論損害額之酌定併以最高法院98年度臺上字第1831號判決為檢討之案例民事訴訟法研究會第一百一十次研討紀錄
0,何佳芳教授〈日本民事訴訟法中國際裁判管轄之立法芻議與對我國之借鏡〉重點提示
0,被選定公益社團法人的原告適格－－以民事訴訟法第44條之1的要件為中心
0,突襲性裁判防止之研究民事訴訟法研究會第一百一十次研討紀錄
0,民事訴訟法基本制度
0,新民事訴訟法連載
0,民事訴訟法的修訂對銀行業務的影響
0,回歸民事訴訟法法院依職權調查取正的再改革
0,析俄羅斯民事訴訟法的新發展
0,行政訴訟中定暫時狀態處分之構成要件及其運用的分析與檢討－－從與民事訴訟法比較出發
0,《民事訴訟法》修改的集約化圖景
0,《民事訴訟法》修改與調解協議的司法審查
0,關於民事訴訟中缺席判決救濟制度的立法思考
0,民事訴訟法基本制度
0,《民事訴訟法》修訂中的舉證責任問題
0,論我國民事地域管轄制度的完善－－以《民事訴訟法》修改為背景展開
0,股東代表訴訟程序上股東的地位民事訴訟法研究會第一百零九次研討紀錄
0,合一確定之判斷、共同訴訟人之上訴與民事訴訟法第56條之類推適用
0,民事訴訟法之爭點(四)--定暫時狀態處分之擔保解放
0,反訴之限制(民事訴訟法第260條之探討)
0,民事訴訟法學的制高點--進入一個博大精深的美麗殿堂
0,民事訴訟法學的制高點--進入一個博大精深的美麗殿堂
0,民事訴訟法學的制高點--進入一個博大精深的美麗殿堂
0,新民事訴訟法連載
0,新民事訴訟法之爭點(三)判決效力及於訴訟繫屬中系爭物之善意受讓人
0,論供擔保代釋明之假扣押評析民事訴訟法第五二六條第二項之修法變化
0,許士宦教授〈訴主觀預備合併之法律構造——民事訴訟法修正後審判實務上訴主觀合併型態之重構（一）〉重點提示
0,新民事訴訟法連載
0,民事訴訟法第12條「契約履行地管轄」之一考察
0,以一訴主張數項標的之價額計算--兼評最高法院九六年度臺抗字第六七七號裁定
0,公寓大廈管理委員會於民事訴訟法之地位
0,新民事訴訟法連載
0,新民事訴訟法連載
0,民事訴訟法基本制度
0,訴主觀預備合併之法律構造民事訴訟法修正後審判實務上訴主觀合併型態之重購
0,新民事訴訟法連載
0,論民事抗訴制度的程序法定位--基於修改後民事訴訟法的分析
0,人大民事訴訟法學的特色與貢獻
0,離婚之國際訴訟競合與民事訴訟法第一八二條之二--最高法院九八年度台抗字第四六號裁定所提起之問題
0,消費爭議與消費訴訟民事訴訟法研究會第一百零七次研討紀錄
0,新民事訴訟法之爭點(二)--合夥所受裁判之效力如何擴張及於合夥人(下)
0,論敵意併購下目標公司董事之義務與司法審查標準我國法與美國法之比較研究
0,原因自由行為與間接正犯
0,新民事訴訟法連載
0,共犯理念的重新建構
0,新民事訴訟法之爭點(二)合夥所受裁判之效力如何擴張及於合夥人(上)
0,國際契約訴訟事件之債務履行地管轄--兼論國際裁判管轄之定性
0,德國法院闡明義務之新進展以公元二一年德國民事訴訟法修正為中心
0,民事訴訟法第二七七條但書之適用評最高法院九十九年台上字第四八號民事判決
0,新民事訴訟法連載
0,離婚事件附帶請求扶養費之若干實務問題民事訴訟法研究會第一百零六次研討紀錄
0,新民事訴訟法之爭點(一)--分公司之當事人能力與當事人適格
0,Class Action in Taiwan:A New System Created Using the Theory ofRight of Procedure Options
0,訴客觀預備合併之兩種類型--民事訴訟法修正後審判實務上訴客觀合併型態之重構(二)
0,民事訴訟法第二二二條第二項之效果論評最高法院九十八年度台上字第一八三一號民事判決
0,訴訟繫屬中系爭物移轉之當事人恆定與判決效擴張民事訴訟法研究會第一百零八次研討紀錄
0,實體法與程序法之關係(下)--二八年最高法院有關民事訴訟法裁判之回顧與展望
0,論錯誤拍賣意三人財產的法律效力--兼評⋘民事訴訟法⋙第204條之相關規定
0,論財產刑執行的理論基礎——基於民法和民事訴訟法的分析
0,實體法與程序法之關係(上)--二八年最高法院有關民事訴訟法裁判之回顧與展望
0,企業員工退休金請求權及權利塑造
0,有關個人權利的條約解釋方法評日本最高法院西松建設公司案判決
0,商業外觀的法律保護以保護來源標識功能為原則
0,我國法院對日勞工索賠訴訟的管轄權問題研究
0,損益相抵論
0,日本民事訴訟法的修訂經過與法制審議會的作用
0,經濟全球化與國際經濟法的新趨勢兼論我國的回應與對策
0,多數主義的法院
0,論我國公司法語境中的社會責任價值導向
0,梅滋格爾犯罪階層體系的新康德主義根基
0,積欠工資墊償制度所涉及的三個問題——從最高行政法院九十四年裁字第二五六五號裁定談起
0,物上保證人與連帶保證人之責任關係評98年簡上字第43號判決
0,專利侵權事件之假處分程序--以其釋明證明度為中心兼評最高法院九七年度台抗字第二五七號民事裁定
0,「濫發商業電子郵件管理條例」草案評析
0,審判外指認
0,Swidler & Berlin and James Hamilton v. United States(上)--律師與委託人間之通訊保密特權的經典案例
0,生物科技法律簡介
0,網路購物標價錯誤之法律解析
0,商品標示法作為違反保護他人法律之判斷/最高院九八台上五二六
0,"迅速審判--要權利,不要空談"
0,慰勞金、工會會員差別待遇與就業歧視/北高行九八訴十一
0,行政訴訟上利害關係人之判斷--最高行政法院九八年判字第三一八號判決簡評
0,日本民事訴訟法中國際裁判管轄之立法芻議與對我國之借鏡
0,刑事程序之促進訴訟機制--以妥速偵審為中心
0,記過懲戒處分之司法救濟與審查方式/台中地院九八勞訴四五
0,真實義務及不當得利之舉證責任分配--簡評最高法院九八年度台上字第三九一號民事判決
0,論共有物之管理
0,企業經營者與消費者間的權益衡量--從戴爾電腦標錯價格案談起
0,地上權短期取得時效完成之效力--最高法院九六年度台上字第二三三號判決評釋
0,網路商品標錯價格出售後得否撤銷意思表示?
0,私人不法取證之證據能力--評最高法院九八年度台上字第五七八號判決
0,確認金錢債權不存在之訴
0,民事訴訟法之二九年六月修正
0,貫徹新民事訴訟法做好民事檢察工作的若干思考--基於上海實踐的視角
0,從重疊合併到選擇合併民事訴訟法修正後審判實務上訴客觀合併型態之重構(一)
0,第三反訴
0,中國大陸民事訴訟法修訂後的再審程序
0,合意選任鑑定人與仲裁鑑定契約-評最高法院九十七年度台上字第一一二號民事判決
0,略論中國大陸新民事訴訟法之部分再審事由
0,假扣押之釋明
0,從民事訴訟法觀點探討仲裁費用
0,民事訴訟法之最新修正
0,論錯誤拍賣第三人財產的法律效力
0,表現證明在我國實務上運用之評估兼論其與事實說明自己原則之區辨民事訴訟法研究會第一百零二次研討紀錄
0,案外人異議制度的廢棄與執行異議之訴的構建兼評修改後的⋘民事訴訟法⋙第204條
0,日本民事訴訟法上之誠信原則
0,爭點整理後之客觀訴之變更追加
0,民事訴訟法保全程序新舊法之比較研究
0,日本國際裁判管轄理論及其立法
0,民事裁判遺漏的補充判決制度兼評我國民事訴訟法第179條第12項之規定
0,智慧財產民事訴訟新貌之問題探討著重「智慧財產法院組織法」及「智慧財產案件審理法」施行後將面臨的問題民事訴訟法研究會第一百次研討紀錄
0,遲誤準備程序期日、不預納訴訟費用與視為合意停止訴訟程序--一個民事訴訟法學方法論的基本介紹
0,固有必要共同訴訟之原告適格與民事訴訟法第五六條之一規定之適用
0,民事訴訟法
0,對於民事訴訟法制之展望
0,股東會決議爭訟事件之確認利益、被告適格及判決對世效著重於探討其相關審判實務應如何依循修正民事訴訟法之意旨處理及今後殘留之課題
0,民事訴訟法
0,不作為侵權行為發展趨勢研究
0,商品房預售適用預告登記制度之管見
0,土地徵收救濟機制之比較研究
0,我國等職業學校的法制困境及其解脫
0,論英國早期的律師制度
0,民事訴訟法學研究的現代視角及其關注重點以2007年的研究為基準的介紹
0,共同犯罪中立功之探究以共同犯罪中揭發型立功的認定為視角
0,我國城市不動產登記制度的行政法分析
0,環境權入憲之實證研究
0,論黑社會性質組織的司法認定
0,第二屆內地、香港、澳門區際法律問題研討會綜述
0,論媒體與法院的良性互動
0,中華人民共和國際刑事司法協助法(立法建議稿)
0,涉外案件司法文書電子送達條件分析
0,民事訴訟法
0,倉促的修訂 局部的完善對⋘關於修改中華人民共和國民事訴訟法的決定⋙的初步解讀
0,羞辱性法律懲罰的博奕分析以深圳福田區警方示衆處理賣淫、嫖娼人員一案為研究樣本
0,論中國商法的立法模式(上)兼論⋘商法通則⋙的立法問題
0,西方國家的量刑建議制度及其比較
0,美國少年法院運動的起源與展開
0,改善憲法與法律銜接狀況初論
0,中國商品房預售制度的存與廢兼談我國房地產法律制度的完善
0,略論我國拐賣犯罪的立法缺陷以山西黑磚窯事件及聯合國The UN Protocol為視角
0,中德對外國離婚判決和裁定的承認之比較
0,價值標準的普遍性與特殊性對歷史法制得失評價標準的反思
0,民事訴訟法第三條於涉外案件之運用--最高法院九十三年度台抗字第一七六號裁定評析
0,民事訴訟法
0,民事訴訟法
0,"債務人對於第三人之債權,經執行法院發扣押命令時,債務人得否對第三人提起給付該債權之訴最高法院九十一年度台上字第八一二號判例評釋民事訴訟法研究會第九十八次研討紀錄"
0,民事訴訟法修正之法曹倫理重建機能立足於其理論思想背景之省思民事訴訟法研究會第九十七次談討紀錄
0,國際管轄權之積極衝突
0,民事訴訟法學涵蓋範圍之界定與角色定位民事訴訟法學提升為紛爭處理學之契機
0,文書影本之證據力台北地方法院九十四年度訴字第二七八四號判決評析
0,收取訴訟之判決效力主觀範圍民事訴訟法修正後之再省思
0,民事訴訟法律審的功能及構造
0,論民事訴訟法中的異議制度
0,我國民事訴訟法的理念轉換與總則的制度重構
0,民事訴訟法修正之法曹倫理重建機能(下)立足於其理論思想背景之省思
0,公司股東會議決議訴訟之訴訟標的民事訴訟法研究會第九十六次研討紀錄
0,民事訴訟法修正之法曹倫理重建機能(上)--立足於其理論思想背景之省思
0,重點新聞掃描 (罰緩處分義務人與行政執行!、民事訴訟法修正草案、總統刑事豁免權爭議)
0,侵權行為之管轄
0,民事訴訟法修正後審判實務上處分權主義與辯論主義之新發展(下)二五年最高法院有關民事訴訟法裁判之進展
0,民事訴訟法修正後審判實務上處分權主義與辯論主義之新發展(上)二五年最高法院有關民事訴訟法裁判之進展
0,區分所有權民法物權編修正草案之評析
0,海上貨物運送人單位限責權之失卻:Breaking the Package Limit簡評最高法院九五年台上字第一一六四號判決
0,爭點集中審理制度在各法院之施行狀況及其檢討民事訴訟法研究會第九十四次研討會紀錄
0,「撤銷訴訟之裁判基準時點」議題討論
0,法官知法原則簡評最高法院九五年台上字第一三二號民事判決
0,九四/九五年度刑事判決評釋競合部分
0,「區分所有權」議題討論
0,撤銷訴訟之裁判基準時點
0,民事財產法影響下的身分法制
0,僱用人之損害賠償責任
0,公司經營權爭奪與假處分之制度
0,「刑事判決評釋(一)」議題討論
0,什麼是「一個案件」
0,人格權保護的課題與展望(三)人格權的具體化及保護範圍(4)名譽權(下)
0,從解釋功能與規範變更回顧二六年度實務判決
0,「民事財產法影響下的身分法制」與談記錄
0,危險的偽造犯
0,爭點簡化協議之對象最高法院民事判決九五年台上字第一三二號判決之簡評
0,第三人撤銷訴訟之原告適格評最近出現之二個裁判實例
0,對於所謂「應負舉證責任一造當事人有證明妨礙」見解之質疑——評台灣台北地方法院九十年度訴字第一八一八號民事判決
0,二五年學界回顧民事訴訟法暨强制執行法-民事程序法學之深化及廣化
0,法定訴訟擔當之判決效力擴張以第三人之程序保障為中心民事訴訟法研究會第九十五次研討紀錄
0,"附帶上訴之研究綜合評析相關實務見解,並比較德國二一年與我國二三年民事訴訟法相關規定之新修正"
0,主參加訴訟即干預訴訟之程序構造
0,民事訴訟法亟待修正之處
0,抵銷經確定裁判的既判力 
0,真實義務之界限
0,論民事訴訟法上拒絕證言權之告知義務兼評最高法院89年度臺上字第2091號民事判決
0,各級審級程序
0,摸索證明與事證蒐集開示之協力民事訴訟法研究會第九十二次研討紀錄
0,程序選擇權與訴訟當事人
0,具體化義務
0,民事訴訟法不應確立當事人真實義務
0,程序選擇權與訴訟當事人
0,選定當事人
0,回归真实
0,論擬制自認民事訴訟法研究會第九十一次研討紀錄
0,法律漢字譯語與法律繼受-以民事訴訟法上「聽審請求權」之形式譯語整合與「突襲性裁判防止」之原始意涵詮釋為例
0,證明防礙法理之再檢討以美國法之發展為借鏡民事訴訟法研討究會第九十次研討紀錄
0,民事訴訟法與强制執行法—民事訴訟法學之新進展
0,民事訴訟法總論
0,再論程序法律安定性之終結者?以民事訴訟法第二八八條之疑難為中心—評最高法院九十二年度台上字第一七六四號民事判決
0,集中審理原則」實施滿五週年再考著重於回顧其在德國民事訴訟法史上之起源與在台灣之雙重繼受
0,論訴之預備合併在民事訴訟法上之適用
0,民事訴訟法修正後之程序法學(十)―著重於確認修法之理論背景並指明今後應有之研究取向
0,關於完善我國司法救助制度的幾個基本問題--以修訂⋘民事訴訟法⋙為背景所進行的探討
0,俄羅斯民事訴訟法典的修改
0,論醫療證據契約
0,民事訴訟法修正後之程序法學(九)著重於確認修法之理論背景並指明今後應有之研究取向
0,民事訴訟法總論
0,第三人撤銷訴訟之原告當事人適格民訴法研究會第八十八次研討會紀錄
0,民事訴訟法修正後之程序法學(八)著重於確認修法之理論背景並指明今後應有之研究取向
0,民事訴訟法修正後之程序法學(七)-著重於確認修法之理論背景並指明今後應有之研究取向
0,民事訴訟法總論
0,主觀訴之預備合併—兼評最高法院六十六年台上字第一七二二號判決之貢獻
0,我國法院調解制度的新發展——對⋘關於人民法院民事調解工作若干問題的規定⋙的初步解讀
0,侵占罪之基本概念
0,舉證責任在民事實體法與程序法實務問題--民法研究會第三十六次學術研討會
0,抓賄與移動式蒐證器材之使用
0,日本藥物犯罪的現狀及相關課題
0,不一樣的社會、不一樣的人生
0,從社會正義、社會安全談警察的社的責任
0,簡介美國緝毒局組織及查緝毒品方式
0,時代之解就在心頭自明
0,追著櫻花跑
0,警政署政風室日誌
0,行政法講座(下)--行政程序法
0,軍事審判法修正簡介
0,情緖壓力與行為的關係(下)
0,警察機關勤務指揮中心勤務方式新探
0,人權與人權譜系的擴增
0,彌樂樓閣
0,叩問滄桑
0,民事訴訟法上之基礎原則及其關聯
0,警察雷射測試證據(下)
0,內政部部長蘇嘉全先生
0,政府機關整體資安策略探討
0,參訪日本警政心得紀要
0,偵查の藝
0,我們的赫德
0,民事訴訟法修正後之訴訟標的理論
0,法律扶助法與訴訟救助之關係
0,論證人之聲音指認及聲紋鑑定
0,前保一總隊總隊長陳禮中先生
0,懷念一段勇敢與堅持的刑事實錄
0,從香港經驗談如何建立廉能警察
0,圍棋樂
0,漫談高度近視的視網膜病變
0,民事訴訟法修正後之程序法學(六)—著重於確認修法之理論背景並指明今後應有之研究取向
0,論美國民事訴訟法中的「爭點排除規則」
0,民事訴訟法總論
0,台灣幫派與取締法律
0,⋘布魯塞爾公約⋙在英國的實施--英國國際民事訴訟法若干問題之案例研究
0,我國警察聯絡官之制度探討
0,論法院自由心證及證據評價之基本認識(上)
0,圖利與保密(上)
0,喜樂保育院創辦人瑪喜樂女士
0,從美國警察實務談防彈衣之重要性
0,馬陵絕響
0,癌症防治與健檢
0,第三人撤銷訴訟之原告當事人適格
0,證據蒐集與判決效力二三年最高法院有關民事訴訟法裁判素描
0,三談民事判決如何寫--兼論修正民事訴訟法有關規定的適用問題 (上)
0,三談民事判決如何寫--兼論修正民事訴訟法有關規定的適用問題 (下)
0,南韓專利法院簡介 (上)
0,民事訴訟法總論
0,實施民事集中審理之回顧與前瞻
0,日本二四年施行新修正民事訴訟法介紹 (下)
0,從現代的法治觀點探討和評析大陸民事訴訟法上的若干基本問題
0,論民事訴訟法的控權法屬性
0,民事訴訟法上之基礎原則及其關聯
0,民事訴訟法總論
0,新民事訴訟法理論與實務:第一講—追加選定當事人制度之運用方針  闡述其相關解釋論之前導法理
0,民事訴訟法總論:第二講—處分權主義  民事訴訟之基本原則之一
0,消費者保護團體損害賠償訴訟制度之再定位—試以整合憲法、法學方法論及民訴法之觀點為中心
0,法院對於民事事件與行政事件審判權衝突之解決上若干問題之檢討  民事訴訟法研究會第八十六次研討紀錄
0,論民事訴訟的契約化--完善我國民事訴訟法的基本作業
0,民國八九年、九二年修正民事訴訟法若干問題
0,假處分裁定程序之研究
0,我國假處分制度之過去與未來以定暫時狀態之假處分如何衡平保障兩造當事人之利益為中心
0,民事訴訟法學術研討會紀錄
0,團體訴訟問題的探討
0,姜世明教授「舉證責任分配法則之體系建構」評論報告
0,新修正民事訴訟法有關寄存送達生效日之起算
0,司法獨立與行政中立
0,民事訴訟法總論
0,審問請求權
0,訴訟移送有關問題之研究  民事訴訟法研究會第八十五次研討紀錄
0,民事訴訟法修正後之程序法學(五)—著重於確認修法之理論背景並指明今後應有之研究取向
0,再談九二年修正民訴若干問題
0,九二年修正民訴若干問題--訴訟標的價額之核定
0,程序法律安定性之終結者?—民事訴訟法第二七七條但書實務見解之評估(以士林地院九十年度訴字第九七三號民事判決為例)
0,訴訟基本權在民事訴訟法之實現
0,論醫療事故鑒定結論在民事訴訟中的應用
0,「可再生能源」的法律定義
0,仲裁的保密性問題研究
0,"思索前沿問題,展望環境資源法學的未來——2003年環境資源法學國際研討會綜述"
0,相關稅收法律關係初探——對稅收法律關係範圍的一種拓展研究
0,走進美國的陪審制度
0,關於修訂⋘民事訴訟法⋙的幾個基本問題
0,民事訴訟法關於再抗告程序規定之修正
0,論訴訟標的
0,我國民事訴訟法中有關團體訴訟制度之研究
0,論我國刑法中的計算機病毒相關犯罪
0,犯罪客體新論
0,關於藏族古代法律及法律文化的若干思考——借鑒梅因⋘古代法⋙進行的研究
0,論經濟法的社會經濟功能
0,憲政概念新探
0,我國公、私文書及其證明力之探討
0,關於業務過失犯罪主體的探討
0,民法設計思路之檢討——從法人角度觀察
0,罪刑均衡的立法實現
0,墨子的法律觀評析
0,關於行政公開認知度的調查報告
0,環境影響評價程序之公衆參與問題研究——兼論我國⋘環境影響評價法⋙相關規定的施行
0,對留置權概念的立法比較及對其實質的思考
0,期待可能性理論的認識論反思
0,訴訟參加制度在我國行政法院實務上之適用評最高行政法院八十八年度訴字第二九一七號裁定
0,德國民法消滅時效制度的改革
0,民事訴訟法講座系列(11)--情報請求權
0,國際民事訴訟中定性理論與訴訟標的理論之交錯
0,大陸智慧財產權法新修正之解析  以專利法為例
0,社會團體對於全民健保政策參與管道與能力之探討  以總額支付制度的運作為例
0,民事訴訟法修正後之程序法學(四)著重於確認修法之理論背景並指明今後應有之研究取向
0,比較民事訴訟法下的當事人圖像  由審理基本原則、證據收集權及證明度切入
0,論WTO多邊架構下以特定服務部門為基礎之競爭規範
0,民事訴訟法修正後之程序法學(三)著重於確認修法之理論背景並指明今後應有之研究取向
0,民事訴訟法講座系列(10)--損害賠償數額之確定
0,日本民事訴訟法之部分修正
0,民事訴訟法有關建構金字塔型訴訟制度重要條文之修正及其評述
0,附帶請求給付扶養費性質與請求方式再探以程序法理與實體法理之交錯為中心
0,程序利益保護原則  民訴法研究會第八十三次研討紀錄
0,民事訴訟法修正後之程序法學(二)著重於確認修法之理論背景並指明今後應有之研究取向
0,民事訴訟法講座系列(8)--證明預斷之禁止
0,民事訴訟法修正對金融業之影響
0,集團利益保護程序之新開展--以團體不作為訴訟之一般化為契機
0,民事訴訟法修正後之程序法學(一)-著重於確認修法之理論背景並指明今後應有之研究取向
0,第三人撤銷訴訟之運用方針 (上)
0,當月法律事件
0,公會動態
0,民事訴訟法第二審程序之修正
0,訴訟上和解制度之變革
0,公會會議紀錄
0,修正民事訴訟法簡介
0,第二審程序新攻擊防禦方法之提出
0,民事訴訟法修正後關於第三審程序之規定
0,兒童及少年福利法的幾個法律問題
0,論調解離婚
0,第三人撤銷訴訟  受判決效力所及第三人之事後程序保障機制
0,營造業法第三十七條之民事法律分析  論營繕工程合約之設計內容於施工顯有困難或有公共危險之虞時之民事責任
0,第三人撤銷訴訟之運用方針 (下)
0,民事訴訟法上告知訴訟是否準用於仲裁程序之爭議
0,家事事件治療性審理方式初探  以離婚並涉及監護子女事件為例
0,編者的話
0,裁判要旨選輯
0,民事訴訟法修正後關於抗告程序之探討
0,民事訴訟法講座系列(7)--再論違法取得證據之可利用性
0,民事訴訟法講座系列(6)--所有物返還請求權之舉證責任分配
0,論訴訟行為的特質與意思的瑕疵  民事訴訟法研究會第八十二次研討紀錄
0,傳聞法則之理論及其實踐
0,鑑定制度之改革
0,企業併購法之檢討與省思(下)
0,司法院大法官解釋/釋字第五五八號
0,訴訟參與及代表訴訟-新民事訴訟法下「程序保障」與「紛爭解決一次性」之平衡點
0,我國採傳聞法則的檢討
0,「證據保全」立法之檢討評刑事訴訟法新增修證據保全規定
0,第三回
0,司法院大法官解釋/釋字第五五九號
0,民事訴訟法修正後之再審程序
0,親權事項之假處分
0,大學教師升等評審的正當程序-論大法官釋字第四六二號解釋之適用
0,滿足的假處分之再認識
0,挖角與惡意挖角
0,不法管理、添附與不當得利評最高法院九十一年度台上字第八八七號判決
0,財務預測制度之探討
0,民事訴訟法講座系列(5)--違法取得證據之可利用性
0,最新文獻資訊
0,二三年初新修正刑事訴訟法被告及共犯自白規定的檢討
0,讓與擔保之法律構造(下)最高法院九十一年度台上字第一一八號判決評析
0,使公務員登載不實罪評最高法院九十一年度台上字第二四三一號裁判及相關實務見解
0,國家機密保護法介評
0,從新修正刑事訴訟法談傳聞法則
0,為誰存在之金字塔型訴訟制度?對新修正民事訴訟法第三審許可上訴制之評析
0,民事訴訟法講座系列(4)--確定事、物現狀類型證據保全之必要性要件
0,選定當事人制度之變革兼論團體訴訟
0,民事訴訟法修正重點
0,民事訴訟集中審理之相關規定 -1-
0,逾時提出攻擊防禦方法之失權  民事訴訟法研究會第八十一次研討會紀錄
0,民事訴訟集中審理之相關規定 -2-
0,民事訴訟集中審理之相關規定 -3-
0,連帶債務之判決效力及相關問題  民事訴訟法研究會第八十次研討會紀錄
0,民事訴訟法講座系列(3))文書提出義務之要件審查
0,民事訴訟集中審理之相關規定 -4-
0,新修正民事訴訟法上程序保障之新開展 - 以民事訴訟法總則編之修正為中心
0,新民事訴訟法下之訴訟標的圖像
0,民事訴訟法修正上訴審及其他程序部分
0,三論水污染防治法有關按日連續處罰規定之適用問題評析最高行政法院九十年度判字第一二五號及第一八六號判決
0,教師升等案--解釋函令之拘束力及其變更後之適用問題
0,超過限定利息之法效(上)最高法院七十一年臺上字第二五三二號判例之再探討
0,評「警察職務執行條例草案」與「警察職權行使法草案」
0,附負擔遺贈
0,從專利調和化的觀點評析我國新修專利法可專利性要件之規範
0,民事訴訟法的發展趨勢
0,相關警察執行職務法律草案是否已提供警察明確且有效的執法權限規範?評論「警察職權行使法草案」與「警察職務執行條例草案」
0,員工分紅入股、員工認股權憑證與員工新股承購權
0,被告地位之形成與告知義務
0,民事訴訟法及其施行法業經修正公布
0,警察職務執行條例草案之探討
0,過失犯之結果責任
0,民事訴訟法期末考試題--既判力之主觀範圍
0,新民事訴訟法下之訴訟標的圖像
0,超速的陷阱交通速限標誌與照相測速器之法律問題
0,程序利益保護原則(下)- 闡釋其如何成為前導民事訴訟法修正走向之法理
0,民事訴訟法講座系列(2)--證據保全程序中之協議
0,民事訴訟法的國際協調
0,連帶債務之判決效力及相關問題
0,民事訴訟法講座系列(9)--不當得利中無法律上原因要件之舉證責任分配
0,民事訴訟法講座系列(1)--證據保全之類型
0,民事訴訟闡明權學術研討會記錄--民事訴訟闡明權之行使
0,爭點整理與協議簡化
0,闡明權之行使以最高法院之裁判為中心
0,新民事訴訟法程序利益保護原則(中) 闡釋其如何成為前導民事訴訟法修正走向之法理
0,二二年德國民事訴訟法改革  總則與第一審部分
0,二二年德國民事訴訟法改革  上訴制度
0,程序利益保護原則(上)- 闡釋其如何成為前導民事訴訟法修正走向之法理
0,比較民事訴訟法國際研討會綜述
0,任意的當事人變更
0,認事用法
0,接近正義與闡明義務最高法院九十年度有關民事訴訟法裁判、決議之新走向
0,接近正義與闡明義務最高法院九十年度有關民事訴訟法裁判、決議之新走向
0,"當事人提起上訴未繳裁判費,同時聲請訴訟救助之效力"
0,民事舉證責任分配法條之修正及其實用
0,證據保全制度(下)
0,日內瓦及法國仲裁-評法國及臺灣仲裁法並臺灣民事訴訟法及最高法院判例之違憲性
0,當事人訊問制度(下)
0,證據保全制度(上)
0,舉證責任與證據契約之基本問題--以作業系統裝置契約之給付不完全為例
0,間接反證  民事訴訟法研究會第七十九次研討紀錄
0,行政訴訟法講座系列(1)--民事訴訟法與行政訴訟法上訴訟參加制度之異同
0,當事人訊問制度 (上)
0,因果關係之比例與損害額
0,集中審理與闡明權之行使  以研討民事訴訟法新修訂條文如何運用為中心:民事訴訟法研究會第七十八次研討紀錄
0,不公開審查原則
0,論損害賠償數額之確定(下)
0,電子郵件之證據適格、證據調查方法及證據力
0,論損害賠償程序中關於損害額確定之舉證責任減輕  我國民事訴訟法第二百二十二條第二項之發展評估
0,論損害賠償數額之確定(上)
0,爭點簡化協議程序之運用方針評析其與民事訴訟法修正走向之關聯
0,文書提出義務之研究(下)
0,文書提出命令
0,文書提出拒絕權
0,再談新修民事訴訟法若干問題 (下)
0,再談新修民事訴訟法若干問題 (上)
0,行政訴訟法準用民事訴訟法立法方式的商榷兼論民事訴訟法本次修正對於行為訴訟法適用的影響
0,論國際商務仲裁上的衡平仲裁(ex aequo et bonno或amiable composition法制)
0,對證人之發問
0,仲裁程序得否準用民事訴訟法的問題
0,我國海事仲裁之檢討
0,外國仲裁判斷互惠承認之研究
0,泛論亞洲暨大洋洲地區各國國際仲裁制度--第二屆亞洲暨大洋洲地區國際商事仲裁會議簡介
0,我國仲裁庭準用民事訴訟法之研究 (下)
0,偵查中辯護制度及對於檢察官起訴、不起訴裁量之監督--德國、瑞士、奧地利三國考察紀要 (上)
0,合併仲裁的可行性與告知仲裁
0,文書提出義務之研究(上)
0,違法收集證據之證據能力
0,新修民事訴訟法若干問題 -3-
0,文書提出義務之範圍
0,統一發票在刑法上之屬性 (下)
0,新修民事訴訟法若干問題 -2-
0,新修民事訴訟法若干問題 -1-
0,適時提出主義
0,我國仲裁庭準用民事訴訟法之研究 (上)
0,證明妨礙制度之研究--民事訴訟法第二百八十二條之一之發展評估
0,論民事訴訟法失權規定之基本要件
0,美國民事訴訟法的憲法淵源及其成因與啟示
0,談新民事訴訟法
0,將來給付之訴
0,中國國際經濟貿易仲裁委員會二000年仲裁規則修訂條文評析
0,仲裁文書送達程序的準用民事訴訟法問題
0,訴願再獲勝訴益見臺灣民主法治提昇--仲裁所得應為執行業務所得案訴願經過
0,我國仲裁協會及企業依聯合國國際貿易法委員會仲裁規則(UNCITRAL Arbitration Rules 1976)進行仲裁之可行性研究
0,十年來民事訴訟法之修正
0,五十年來我民事訴訟法之修正
0,評民事訴訟法之修正  以八十九年二月修正者為範圍
0,論民事訴訟法失權規定之緩和與逃避
0,法律關係之闡明
0,民事訴訟法上訴第三審金額修正之溯及既往
0,擬制自認
0,爭點整理方法論序(下)概述其與民事訴訟法有關促進審理集中化修正條文之關聯
0,最高法院學術研究會主辦、中華民國法官協會協辦「民事訴訟法修正施行後之審判實務--以集中審理為中心」學術研討會會議紀錄
0,原因事實與基礎事實
0,爭點整理方法論序(中)概述其與民事訴訟法有關促進審理集中化修正條文之關聯
0,集中審理與事証之提出、蒐集
0,訴訟移送有關問題之研究
0,集中審理與訴訟指揮權之行使
0,法律性突襲裁判之研究
0,論民事訴訟法修正條文中法官之闡明義務與當事人之事案解明義務
0,從參加人得否提起再審之訴--最高法院六十八年度臺抗第三九八號判例評釋
0,論民事訴訟程序中當事人之不知陳述  兼評析民事訴訟法中當事人之陳述義務與訴訟促進義務
0,集中審理與爭點整理
0,淺談八十九年二月新修民事訴訟法 (上)
0,爭點整理方法論序(上)概述其與民事訴訟法有關促進審理集中化修正條文之關聯
0,淺談八十九年二月新修民事訴訟法 (下)
0,訴訟上行使形成權之效果
0,我國民事訴訟法大幅修正
0,對民事訴訟法律關係若干問題的再思考
0,民事訴訟法修正內容概述
0,新民事訴訟法修正經緯譚  (2)延長判決宣示期間之修正
0,民事訴訟法修正
0,不動產經界訴訟之性質
0,新民事訴訟法修正經緯譚  (1)定期宣判時交付判決原本時點的增訂
0,民事訴訟中法院調解原則的再認識
0,民事訴訟法與民事實體法之關係探析從法院裁判之生成角度分析
0,對民事訴訟法基本原則之初步檢討
0,開拓與創新——評江偉教授主編的⋘民事訴訟法學原理⋙
0,中國海事訴訟發展的里程碑
0,論⋘1806年法國民事訴訟法典⋙
0,走向二十一世紀的中國民事訴訟法學
0,中國民事訴訟法學50年
0,展望新世紀之德國民事程序法
0,第二屆全國民事訴訟法學術研討會綜述
0,新民事訴訟法修正經緯譚  延長判決宣示期間之修正
0,談民事訴訟法暨其施行法之重要修正 (下)
0,既判力是否及於直接占有人--最高法院七十二年度臺再字第一0五號判決評釋
0,談民事訴訟法暨其施行法之重要修正 (上)
0,民事訴訟法修正簡介
0,民事訴訟法關於調解制度之修正
0,民事訴訟法修正淺釋
0,論公寓大廈管理條例規範的「共用部分」 (上)
0,民事訴訟法修正特色
0,共同訴訟之管轄
0,民事訴訟法之部份條文修正
0,小額訴訟程序簡介
0,美國關於資訊授權與管轄權相關問題 (下)
0,民事訴訟法修正
0,公同共有物訴訟之當事人適格--民事訴訟法研究會第六十八次研討紀錄
0,我國民訴制度改革與比較民訴法研究——談比較民訴法的研究體會
0,海峽兩岸民事訴訟法的初步比較
0,簡論民事訴訟法與實體法的關係
0,民事訴訟法學的20年
0,第一屆全國民事訴訟法學術研討會綜述
0,關於夫妻離婚後未成年子女監護之訴訟  民事訴訟法研究會第六十五次研討紀錄
0,民事訴訟法學的研究成就及其發展的若干問題
0,過渡時期的中國大陸民事訴訟法
0,回顧、反思與展望——對二十世紀下半葉我國民事訴訟法學研究狀況之檢討
0,國際民事訴訟法統一化運動評述
0,改進民事訴訟法上和解制度以疏減案源並確保債權人權益
0,司法院令增加第三審上訴利益額對於民事簡易訴訟程序之影響(下)
0,關於完善我國民事訴訟法幾個問題的探討
0,司法院令增加第三審上訴利益額對於民事簡易訴訟程序之影響(上)
0,試論我國民事訴訟法的認證制度
0,"台灣台北地方法院民事判決/八十五年勞字第四號—捷運公司對離職員工請求賠償,被判敗訴案"
0,改革與完善我國民事訴訟中法院調解制度的芻議
0,最高法院民事判決/八十六年度台上字第四六號—確認之訴是否為過去之法律關係應以起訴時為斷
0,心證公開論  著重於闡述心證公開之目的及方法:民事訴訟法研究會第六十一次研討紀錄
0,市場經濟與民事訴訟法學的展望(下)
0,論涉外民事訴訟法的調整對像
0,"最高法院民事判決/八十五年度台上字第四八二號—民事訴訟法第三百九十七條之情事變更增減給付原則,得以獨立之訴請求之"
0,關於日本新民事訴訟法
0,"吳明軒:獻身司法,不知老之將至"
0,市場經濟與民事訴訟法學的展望(上)
0,中國國際私法和國際民事訴訟法研究的一項重要成果——評勝雅律與徐國建合著之⋘中華人民共和國的國際私法與國際民事訴訟法⋙
0,"最高法院民事判決/八十三年度台上字第二七一號—國王大飯店越界建築部分,被判以時價購買之而不得請求拆屋還地案"
0,民事訴訟法中之程序權保障 (下)
0,民事訴訟法中之程序權保障 (上)
0,我國立法動態資訊站
0,人民檢察院與民事訴訟法律關係
0,八十五年特種考試司法人員考試試題
0,關於日本全國修改民事訴訟法的情況
0,"德國民事訴訟學說上所謂的客觀證據負擔,主觀證據負擔,主張責任  以德國民事訴訟法及相關的學說為基礎 (下)"
0,"德國民事訴訟學說上所謂的客觀證據負擔,主觀證據負擔,主張責任  以德國民事訴訟法及相關的學說為基礎 (中)"
0,"德國民事訴訟學說上所謂的客觀證據負擔,主觀證據負擔,主張責任  以德國民事訴訟法及相關的學說為基礎 (上)"
0,如何拍賣抵押物(一)
0,當前民事訴訟法理論與實踐的幾個重要問題中國法學會訴訟法學研究會1995年年會綜述之二
0,論民事訴訟法第五十四條之訴
0,經驗法則在經界訴訟上之運用  民事訴訟法研究會第五十六次研討紀錄
0,現行火災保險缺失之分析
0,試論證券交易法
0,賄賂罪之行為樣態
0,國際民事訴訟法學是一個獨立的法學部門
0,海峽兩岸民事訴訟法立法原則之比較
0,臺海兩岸民事訴訟法有關「當事人」及「當事人能力」之比較研究 (上)
0,臺海兩岸民事訴訟法有關「當事人」及「當事人能力」之比較研究 (下)
0,邱聯恭
0,關於日本民事訴訟法典的幾個問題
0,當事人適格之擴張與界限  民事訴訟法研究會第五十四次研討紀錄
0,論行政違法不作為之國家賠償要件  國家賠償法第二條第二項後段之分析與檢討
0,德國聯邦助學金法(二)
0,最高法院民事訴訟法裁判選評 -2-
0,略論我國商務仲裁條例中撤銷仲裁判斷之事由--兼論與民事訴訟法中再審事由規定之比較
0,最高法院民事訴訟法裁判選評 -1-
0,訴訟上之抵銷與訴訟繫屬之問題  民訴法研究會第五十三次研討紀錄
0,公司法與其他法律間互動之探討 (上)
0,公司法修正草案關係企業專章中「深石原則」相關問題之研究
0,海峽兩岸民事訴訟法關於管轄規定的比較研究
0,論三一條款之產生
0,商品製造者責任與純粹經濟上損失  最高法院二則判決的評釋及消費者保護法第七條的解釋適用 (下)
0,環境刑法
0,中共民法通則之研究 (上)
0,訴訟繫屬中當事人讓與系爭物所引發之法律問題  民訴法研究會第五十一次研討紀錄
0,民事訴訟法程序對債權人利益的保護
0,新世紀民事程序法建制之基本課題(下)-評論民事訴訟法修正走向之基本觀點
0,新世紀民事程序法建制之基本課題(上)-評論民事訴訟法修正走向之基本觀點
0,民事訴訟法修正之走向及前導法理  以修正草案有關調解程序之新變革為中心
0,民事訴訟法第一審程序修正草案之走向 -6-
0,商標之評定程序與民事訴訟法之關係
0,民事訴訟法第一審程序修正草案之走向 -5-
0,民事訴訟法第一審程序修正草案之走向 -4-
0,民事訴訟法第一審程序修正草案之走向 -3-
0,民事訴訟法第一審程序修正草案之走向 -2-
0,民事訴訟法第一審程序修正草案之走向 -1-
0,民事訴訟法對特別管轄制度的修改
0,論我國人權的民事訴訟法律保障
0,民事訴訟法以判決違法為再審理由的探討
0,完善我國民事訴訟法中拘傳的立法思考
0,論民事訴訟法中之證據保全
0,新著作權法修正要點暨重要內容簡介
0,教師法草案評析(上)
0,私人相互間之權利保障
0,論建築損鄰事件的侵權責任
0,淺譚法學理論及其流派
0,刑事訴訟法理結構之比較研究
0,大陸經濟合同糾紛之救濟方法
0,海峽兩岸法律衝突規範之發展與比較
0,國陳私法上的公共秩序問題
0,專利法上之優先權制度
0,大陸民事訴訟法之審判程序
0,論完善大陸刑事立法的根據、原則和方式
0,我國⋘民事訴訟法⋙中關於司法協助的規定
0,中共民事訴訟法之評析  以總則部分為中心
0,論無獨立請求權的第三人——兼析民事訴訟法第56條
0,中共民事訴訟法之評析
0,訴訟費用 (下)
0,論消滅時效與除斥期間
0,軍事審判權陌生的法律途徑
0,兩岸法律衝突規則的立法問題
0,中共民事訴訟法上審級制度與簡易程序
0,評中共試行之民事訴訟法
0,民事訴訟法若干修改之依據與意圖
0,談民事訴訟法的補充和修改
0,中共民事訴訟法簡介
0,以背書代替保證的合法性
0,對民事訴訟法修正草案所引進集團訴訟之建言
0,談中華國八十年罪犯減刑條例
0,法官的一天
0,試論民事訴訟法第三十二條第七款規定適用之範圍
0,揭示亟待研的幾種法律
0,新民事訴訟法的重大突破
0,論我國憲法對香港特別行政區的法律效力
0,論合作社法
0,量刑情節論
0,聯合國的性質和作用
0,論虛假商業廣告罪
0,犯罪「未得逞」含義辨析
0,論刑罰執行的適當時間
0,蘇聯自然保護立法及立法體系研究
0,企業集團發展中存在的問題及其法律對策
0,就「溫州鋼材受騙案」談我國國際私法實踐中的幾個問題
0,試論檢察機關參與行政訴訟的若干法律問題
0,略論王世傑關於奴婢與婦女地位的法律思想
0,保險合同新探
0,論淫穢物品犯罪的幾個問題
0,論我國技術合同仲裁的基本原則和基本制度
0,論經濟法調整方法
0,美國對外國公司和居民徵稅的司法解釋和判例簡析
0,判決離婚敗訴一方當事人應否協同他方辦理離婚登記
0,司法制度的革新與突破
0,提存事件與民事訴訟法
0,論檢察官拘提權之行使
0,民事訴訟法簡易訴訟程序修正述評(下)
0,想像數罪牽連犯及連續犯
0,物權行為錯誤與不當得利
0,科技進步對法律之衝擊著作權法之新課題
0,論國家之任務
0,民事訴訟程序停止問題之研究
0,異態物權與財產上犯罪
0,訴願泛論
0,論集法家大成的韓非
0,近代法律的社會化
0,告訴不可分與起訴不可分
0,四十年來民事訴訟法之制定與修正
0,迎接從威權統治邁向法治的時代洪流
0,論司法權與監察權的運用及其相互關係
0,民事訴訟標的之新舊理論
0,論陪審制度
0,怠於領取的股利應否罹於時效
0,中國法家的法治思想
0,電腦犯罪與刑事法
0,空白票據可否公示催告
0,國際私法規則之特性及相關問題
0,公害與法律
0,四十年來民法之趨向
0,論現代憲法的根本性及其問題
0,強制執行之競合及其效力
0,刑事訴訟得否上訴第三審之問題
0,貨櫃運送有關法律問題之解決途徑
0,實證主義法學
0,論民事訴訟制度之改進方向
0,四十年來之刑法趨勢
0,四十年來之行政法
0,旅客運送契約中運送人之責任
0,行政法與誠實信用之原則
0,論公司債權人會議
0,涉外民事法律式用法
0,想像數罪牽連犯及連續犯
0,民事訴訟法簡易訴訟程序修正述評(上)
0,刑事責任與期待可能性
0,淺論法律行為之撤銷
0,民事訴訟法之立法主張與法律政策
0,四十年來之刑事訴訟法
0,論領土及領土權之法律的性質
0,論親子間之財產關係
0,關於法規的制訂問題
0,航空機侵犯領空權之處理及國際法
0,國際合作探採海域石油之法律觀
0,論法律思想理念之演進
0,對⋘民事訴訟法⋙增補審理期間的探討
0,漫談民事訴訟法(三)
0,漫談民事訴訟法(二)
0,漫談民事訴訟法(一)
0,法治為經濟發展的重要前提條件
0,從訴訟程序立法立法立評析中共民事訴訟法
0,民事法律問題二則
0,香港、日本仲裁判斷可否在我國執行
0,最高法院刑事庭會議決議錄之研析
0,檢討審級制度評介民事訴訟法簡易訴訟程序之修正
0,司法警察的搜索、扣押權行使範圍之研究基於對人民自由權利的保護之觀點
0,就債務人對於第三人之金錢債權之執行
0,憲兵與公務員身分刑法之研究
0,八十年來我民事訴訟法之概況
0,民事訴訟法重點問題講座提綱
0,民事訴訟法重點問題講座提綱
0,淺論民事訴訟法上之當事人能力
0,淺論我國非訟事件法與民事訴訟法
0,試論我國民事訴訟法律關係
0,修正民事訴訟法簡介
0,民法親屬編將重婚修正為無效婚後及於民事訴訟法之影響
0,A Comparative Study on the Division of Damage-in mutual fault collision
0,現行稅法中有關租稅債權之時效問題
0,關於宗教立法之商榷
0,最高法院造法活動之法理基礎初探
0,從法律社會學觀點論法律之分類
0,邊沁的功利主義與犯罪行為防治
0,民法親屬編婚姻部份之修正與民事訴訟法之影響
0,銀行法改革趨勢自由與責任
0,我國推展聯合簽帳卡法令問題
0,論我國民事訴訟法中的委託代理
0,關於修訂我國民事訴訟法(試行)的幾點建議
0,⋘民事訴訟法學⋙重點問題解答(上)
0,⋘民事訴訟法學⋙重點問題解答(下)
0,民事訴訟法第三百九十五條第二項規定於最高法院有無適用餘地
0,就若干訴訟實例談民事訴訟法第五六條第一項之適用…
0,「執行程序實施前」之認定標準--談民事訴訟法第一四條第三項中段之規定與同法第三九二條後段之規定應否採同一標準
0,怎樣學習與掌握民事訴訟法學
0,正確適用民事訴訟法中第三人參加訴訟的規定
0,論民事訴訟法之第五次修正
0,論我國股份有限公司資本制度之類型及相關法修之修訂
0,修法擴大限制刑案上訴第三審範圍之研究
0,民事訴訟法修正條文
0,對修正民事訴訟法之建議
0,民事訴訟法部分條文修正要點介紹
0,論民事訴訟法律關係
0,假執行宣告失敗與回復原狀損害賠償
0,就改革民事訴訟法學之意義觀察法律人才教育之理論與實務
0,試談民事訴訟法的中國特色
0,民事訴訟法問題解答(六)
0,由司法革新與便民釋論民事訴訟法第二百三十二條第一項在實務上之適用
0,地政規費核征實務
0,民事訴訟法問題解答(五)
0,民事訴訟法問題解答(四)
0,談我國民事訴訟法中的便民思想
0,談談民事訴訟法試行中的幾個問題
0,我國⋘民事訴訟法(試行)⋙的特點
0,國際民事訴訟法之排除管轄與合意管轄
0,民事訴訟法再修正意見之探討
0,應盡快頒佈施行民事訴訟法
0,偽造文書罪序說
0,民事訴訟法上幾個問題
0,美國憲法的人身保護及辯護權
0,德國民事訴訟法新發展(譯稿)
0,民事訴訟法上值得研究之問題
0,民事訴訟法上和解之瑕疵及其主張方法
0,民事訴訟法上判決無效之研究
0,民事訴訟法上選定當事人之研究
0,略論民事訴訟法上的「既判力」與土地法上的「土地登記有絕對效力」問題
0,共有耕地仍可以變賣分配價金方式分割最高法院民庭庭推總會決議案研介
0,房屋定期租賃契約如附訂有其他特約時對於民法第四百五十條第一項的適用問題
0,從最近高雄市一批地官受處分案談建立土地事務代理制度已刻不容緩
0,談地政業務措施問題
0,對於民事訴訟法第537條之意見
0,論現行民事訴訟法的第三度修正
0,評民事訴訟法之再修正
0,民事訴訟法的重要修正
0,稽征主體之認定及其法定地位
0,民間合會契約與人事保証契約之研究
0,美國的聯邦法院
0,租稅法定主義論
0,犯罪故意的分析
0,二十年來之民事訴訟法
0,二十年來之大法官會議
0,二十年來之法律教育與文化
0,二十年來之刑法
0,二十年來之土地立法
0,二十年來之法令月刊
0,二十年來之司法行政
0,二十年來之中外條約
0,二十年來之商事立法
0,二十年來之刑事訴訟法
0,二十年來之公務員懲戒委員會
0,二十年來之行政法院
0,二十年來之司法官與律師考試
0,二十年來之行政訴訟
0,二十年來之最高法院
0,二十年來之檢察業務
0,二十年來之律師制度與瞻往思來
0,二十年來之臺灣地區軍法與司法機關刑事審判權之劃分
0,二十年來之修憲運動
0,二十年來之社會變動與法律問題
0,二十年來之民法
0,二十年來之勞動立法
0,二十年來之少年犯罪問題
0,票據法修正芻案
0,論自白之任意性法理
0,日本一九六四年行政手續法草案之研究(中)
0,防止假債權芻議
0,日本商法
0,破產宣告對擊屬中之民事訴訟之影響
0,婦女犯罪問題泛論
0,民事訴訟法判解研究
0,民事舉證責任之研究
0,匪偽婚姻法之批判(上)
0,論本票之裁定強制執行程序
0,侵害生命賠償請求權之繼承問題
0,民事訴訟法修正問題之研究
0,占有改定與即時取得
0,刑事案件證據調查之範圍與聯繫法則
0,商標近似態樣之研究
0,刑法上危險之研究(二)
0,律師費用之損害賠償請求
0,民生法學原論
1,偽造與盜用之區辨(最高法院107年度第3次刑事庭會議)
1,公營事業可否作為基本權利主體(司法院大法官解釋第765號)
1,醫療訴訟之舉證責任(高等法院106年醫上易字第3號判決)
1,強制汽車責任保險死亡給付得抵充未受領保險金之人的殯葬費用賠償請求權？(臺灣南投地方法院105年度簡上字第8號民事判決)
1,GPS衛星定位系統與刑法第315條之1(最高法院106年台上字3788號刑事判決)
1,土地徵收完成後是否仍有正當程序之適用(司法院大法官解釋第763號)
1,物上請求權之舉證責任(最高法院106年台上字第33號判決)
1,內線交易與忠實義務之違反(臺灣高等法院104年度金上字第6號民事判決)
1,票據原因關係之舉證責任(臺灣高等法院臺中分院107年度上字第110號民事判決)
1,容許構成要件錯誤之法律效果(最高法院106年台上字3989號刑事判決)
1,既判力主觀範圍-為當事人或其繼受人占有請求之標的物者(最高法院106年台上字第163號判決)
1,表決權拘束契約之探討(臺灣高等法院105年度重上字第621號民事判決)
1,供犯罪所用之物與關聯客體之沒收(最高法院106年台上字1374號刑事判決)
1,具行政處分性質之執行命令救濟程序(最高行政法院107年4月份第1次庭長法官聯席會議)
1,違法取證之可利用性(最高法院106年台上字第246號判決)
1,董事候選人提名制(臺灣高等法院106年度抗字第487號民事裁定)
1,隔地犯與犯罪結果地之判斷(最高法院106年台上字869號刑事判決)
1,大學得否對教師之再申訴決定提起救濟(最高行政法院106年度6月份第2次庭長法官聯席會議)
1,公用地役關係認定之法律性質與救濟途徑選擇(最高行政法院107年度判字第354號判決)
1,當事人於第二審訴訟程序中，以民事訴訟法第255條第1項第2款「請求之基礎事實同一」之規定為據，追加原非當事人之人為當事人，法院可否准許？(最高法院106年度第13次民事庭會議)
1,刑法第190條之1的釋義思考
1,刑法第190條之1的不法規責與構成要件解釋
1,刑法中的行為概念及其展開
1,勞安法的安全管理責任與刑法注意義務的根據──最高法院106年度台上字第821號刑事判決評析
1,国家监察与刑事司法的衔接机制研究
1,论责任保险金请求权时效制度——以责任保险为制度背景
1,大数据语境下卡特尔发现的范式转换
1,外国判决承认与执行语境下“送达抗辩”研究
1,我国醉驾的“严罚化”境遇及其结构性反思——兼与日本治理饮酒驾驶犯罪刑事政策相比较
1,论敌意收购中大额持股变动违法之法律责任——基于证券监管与司法裁判的实证研究
1,“忠诚折扣”的垄断违法性判定——以利乐公司行政处罚案为材料
1,反思国际法上的“司法造法”问题
1,人工智慧時代的刑法挑戰與對應──以自動駕駛車為例
1,社会治理过度刑法化的隐忧
1,论人工智能体法律人格的考虑要素
1,诉讼目标相对论：以程序保障论为视角
1,法益論的侷限與困境：無法發展立法論機能的歷史因素解明
1,民法典编纂“两步走”思路之检讨
1,刑事立案前后电子取证规则衔接问题研究——以电子数据证据过程性为视角
1,污染环境罪中“处置”行为的司法误区与合目的性解读
1,从涉众型经济犯罪案件看涉案财物的先期处置
1,從日本法再探證交法上有價證券之範圍與認定──附論臺灣存託憑證是否為證交法上有價證券？
1,方律師編著《刑法分則》
1,日本近期有關表現自由之刑事裁判例──以經營舞廳業、刺青、性表現之管制為中心（譯文）
1,侵犯支付客戶信息的刑法規制
1,論科技定位追蹤監視偵查犯罪──以全球衛星定位法制為例
1,日本最近刑事程序立法動向概觀──以刑事協商制度及刑事免責制度的引進為中心
1,洗錢擴大利得沒收之審查體系
1,醫療訴訟之刑法、民法、消保法、醫療法之綜合探討
1,劇透影片製作與集團式犯罪之家族相似性探尋
1,刑事程序法定原則
1,商譽損失作為背信罪之財產損害？──評臺灣高等法院102年度金上重更（一）字第8號判決
1,刑法上之因果關係(最高法院刑事判決107年度台上字第3369號)
1,罪刑法定原則與阻卻違法事由
1,逃匿始終來自於人性：論棄保潛逃罪──以美國法為借鏡
1,中國刑法語境中正犯後正犯理論之消解
1,同性婚姻釋字後的通姦罪解釋及其因應：從司法院釋字第554號到第748號解釋
1,刑法第11條及其施行法第10條之3第2項之衝突與調和──以內線交易罪犯罪所得之計算為例
1,環境污染的刑事制裁（下）──刑法第190條之1新修正規定之解釋適用
1,評析2018年新修正之刑法第一九○條之一──以抽象危險犯與累積犯之辨證為中心
1,樂見《羈押法》、《監獄行刑法》的修正！
1,兩情相悅之刑法評價
1,評析特殊洗錢罪的新立法
1,環境污染的刑事制裁（上）──刑法第190條之1新修正規定之解釋適用
1,刑法第190條之1修正條文之前世今生
1,"Joyous Buddha, Holy Father, and Dragon God Desiring Sex: A Case Study of Rape by Religious Fraud in Taiwan"
1,刑法不作為犯保證人地位法理基礎的反思－－在存有和規範之間
1,人工智能時代技術風險的刑法應對
1,德國法中的員警防衛權
1,失落的行政從屬性？──新修正刑法第190條之1的實然與應然
1,實務法學：刑法類
1,當「奉養」遇上久病──我國刑法遺棄罪適用上的幾個問題
1,《周禮》訴訟制度初論
1,立委聲請釋憲門檻人數的憲法商榷
1,論刑法分則中“婦女”概念的外延
1,新興影響精神物質之法制規範研究──先進國家實施經驗與我國未來立法方向之探討
1,王陽‧黃融編著《刑法大師文章解讀》
1,數位經濟中的資料革命──讓消費者搶回資料所有權
1,Washington v. Glucksberg（四）——禁止協助自殺之州法合憲性的經典案例
1,現行刑法污染環境媒介罪之修正芻議
1,「未遂的原因」在刑法上的角色定位
1,試論我國死刑之量刑基準──教化可能之辨證及其在量刑法上之定位
1,第三人清償、不當得利與承攬報酬短期時效之起算時點
1,實務法學：刑法類
1,三權分立憲政中大法官應有的智慧──評前瞻條例爭議釋憲駁回案
1,Helnrich Amadeus Wolff德國個人資料保護現況
1,污染環境犯罪與新修正刑法第190條之1
1,大法官指導立委如何「行使職權」？——對司法院大法官不受理前瞻釋憲案的評析
1,陳奕廷(易律師)編著《考點式刑法一本通》
1,論刑法的網路空間效力
1,新型態賭博方式於賭博罪章之適用問題──評臺灣臺北地方法院104年度簡字第158號判決暨臺灣高等法院104年度上易字第1975號判決
1,二○一七年德國犯罪所得沒收新法──刑法基礎規定綜覽
1,刑法第15條作為「認識」不純正不作為犯構成要件的法定「修正公式」
1,刑法殺直系血親尊親屬罪與平等原則(最高法院104年度台上字第710號刑事判決)
1,互聯網時代的金融犯罪變遷與刑法規制轉向
1,德日機能主義刑法學之體系爭議與本土思考
1,實務法學：刑法類
1,刑法學習方法與解題說明
1,轉型正義、罪刑法定與國際刑法
1,醫師維生設備撤除行為之阻卻違法事由－－「善終權」概念於刑法的置入
1,陸海空軍刑法恐嚇長官罪之研究
1,刑法第190條之1作為「累積的具體危險犯」
1,刑法上之加工自殺(臺灣高等法院刑事判決104年度上更（一）字第22號)
1,行政程序法上之撤銷原處分(最高行政法院判決107年度判字第100號)
1,債務不履行損害賠償請求權(臺灣高等法院民事判決106年度勞上字第31號)
1,證券交易市場中，資訊揭露之目的及重要性(臺灣高等法院民事判決103年度金上字第12號)
1,刑法中行為論的新展開
1,起訴之效力(臺灣高等法院刑事判決105年度上訴字第335號)
1,「緊急安置」與「強制住院」是否牴觸憲法第8條之法定程序(大法官釋字第588號)
1,家庭生活費用與夫妻間扶養請求權之關係(臺灣高等法院民事判決104年度家上字第245號)
1,獨立董事與審計委員會之功能(臺灣高等法院民事判決106年度上字第254號)
1,多層次傳銷管理法第十八條在罪刑法定原則上的疑義
1,罪刑法定主義之內涵(最高法院刑事判決104年度台上字第406號)
1,人身自由與法官保留程序(大法官釋字第710號)
1,家庭生活費用與父母子女間扶養請求權之關係(臺灣高等法院民事判決106年度上字第356號)
1,法定代理人可否依保險法第一百零五條代為同意之意思表示？(臺灣高等法院民事判決100年度保險上字第33號)
1,理性交往刑法觀：“融合範式”的生成
1,榮律師編著《透明的刑法－分則篇》
1,拘捕後之訊問(最高法院刑事判決102年度台上字第2011號)
1,歸化為我國國民之參政權(大法官釋字第618號)
1,偶然不一致—「意思表示錯誤」(最高法院民事判決105年度台上字第1911號)
1,消息明確性之意涵(最高法院民事判決105年度台上字第85號)
1,商品虛化與罪刑法定原則
1,實務法學：刑法類
1,即時訊問(最高法院刑事判決102年度台上字第5147號)
1,憲法上之工作權(大法官釋字第584號)
1,意思表示不自由—「詐欺」、「脅迫」(臺灣高等法院99年上易字第229號判決)
1,消息受領人偶然聽聞之內線交易責任(臺灣高等法院刑事判決104年度金上訴字第53號)
1,實務法學：刑法類
1,淺介德國刑法第298條招標中的限制競爭協議行為──以保護法益與構成要件類型區分為中心
1,從行政罰法相關規定看法人與法人之代表及法人之職員的不法歸責──建構法人刑法的核心問題
1,公務員服務法第四條與刑法洩密罪之微妙互動
1,網路詐欺與消費者保護之刑法問題
1,不法原因給付與犯罪所得沒收──初探刑法上之準不當得利
1,職權撤銷行政處分和訴願撤銷行政處分之異同(最高行政法院判決105年度判字第623號)
1,選定當事人與消費者團體訴訟(臺灣高等法院民事裁定104年度抗字第1299號)
1,特別股收回(最高法院106年度台上字第78號判決)
1,過失犯的主觀要件以及結果加重犯(最高法院刑事判決105年度台上字第2027號)
1,竊盜未遂之判斷時點(臺灣高等法院刑事判決106年度上易字第2384號)
1,地方立法機關是否得要求地方政府列管備查意見(最高行政法院裁定103年度裁字第1310號)
1,對卸任董事提起代表訴訟的可行性(台灣高等法院民事判決106年度金上字第5號)
1,實務法學：刑法類
1,事實不明之處理原則與例外(最高法院刑事判決105年度台上字第1647號)
1,包括一罪與同一案件之認定(最高法院105年度台上字第3441號判決)
1,「直接強制」與「間接強制」間之差異(最高行政法院判決99年度判字第1379號)
1,「危險程度重大變更」的前、後比較時點為何？(臺灣高等法院民事判決106年度上字第619號)
1,預防性刑法觀及其教義學思考
1,未遂犯的著手與刑法第26條的適用(最高法院刑事判決105年度台上字第3463號)
1,就業年齡歧視與平等權與工作權之保障(臺北高等行政法院判決100年度訴字第1136號)
1,抵銷權之行使與既判例之遮斷效(最高法院民事判決104年度台上字第2116號)
1,與有過失問題(最高法院民事判決105年度台上字第2270號)
1,票據喪失之救濟(最高法院民事裁定93年度台簡抗字第31號)
1,自由、社會制度與抽象危險犯──經濟刑法的新典範？
1,長期照護者之醫藥費限以付與特定醫療院所始得列舉扣除之規定，違反平等原則(大法官釋字第701號)
1,第三審法院得自行認定事實之範圍(最高法院民事判決106年度台上字第360號)
1,情事變更原則(最高法院民事判決100年度台上字第1714號)
1,空白授權票據之合法性(最高法院民事判決104年度台簡上字第12號)
1,實務法學：刑法類
1,成正編著《解讀大師文章觀點－民事訴訟法》
1,論刑法沒收新制對洗錢防制法第18條第1項定性之影響
1,張志朋律師編著《民法物權(圖說)》
1,大法官會議解釋─釋字747號～759號
1,台灣商標實務動態：最高法院及智慧財產法院認定偽造商標真品之商品條碼構成刑法偽造準私文書罪
1,李淑明編著《財產法（II）－侵權行為法‧物權法》
1,二次創作界線
1,連帶債務共同訴訟之型態及其確定判決之效力─評最高法院一○三年度台上字第二五八五號判決及其相關之裁判
1,法務部刑法修正草案簡析
1,禁搭便車條款與不當勞動行為
1,反對貿然恢復閣揆同意權
1,外資圈第一美女涉入漢微科內線交易案
1,不問祭祀問繼承─祭祀公業和釋字第七二八號解釋
1,未成年人合意性交罪之實證研究──以司法人員承辦刑法第227條案件經驗為例
1,校園霸凌事件處置歷程與困境之案例分析
1,預立醫療決定於刑法上的意義與適用
1,濫用診療信賴關係促成性交的刑法評價──評臺灣高等法院臺南分院105年度侵上訴字第232號判決
1,探討股權式群眾募資對臺灣新創企業籌資管道之影響
1,二重買賣之刑法評價
1,法人刑法合憲──奧地利憲法法院2016年裁判
1,納稅義務與刑事責任之交會
1,省思臺灣地方自治與地方財政制度之現況與未來
1,香港集團復原計畫之簡介及對我國之啟示
1,實務法學：刑法類
1,貪污治罪條例與刑法典之整併
1,招標中的限制競爭協議行為──德國刑法第298條
1,單一專利法院──歐洲爭訟之變革（譯文）
1,2018年國際重要金融監理趨勢之探討
1,2017年德國刑事訴訟法為保全追徵與罰金執行的假扣押──財產權保障與刑事訴訟上有效執行需求權衡的啟發
1,商業賄賂罪──借鋻德國刑法第299條商業賄賂罪之立法芻議
1,由臺灣指標性爆裂物案件分析現有法律之適用性與恐怖主義專法之必要性
1,論二十一世紀之初的墨西哥刑事訴訟制度變革
1,違法吸收存款罪之適用爭議：銀行法第125條與刑法339條之競合關係
1,傳統刑法理論與現代風險社會――以我國食安法爭議為核心
1,網絡空間中犯罪預備行為的制裁思路與體系完善──截至《刑法修正案（九）》的網絡預備行為規制體系的反思
1,家庭、機會與青少年偏差行為
1,科技大學女性於高職時期終止輟學、繼續升學之歷程探究
1,洗錢防制法申報義務規定妥適性之檢討──以第9條與第10條為中心
1,刑法上著手標準的續造──以德國學說和實務反思我國法應有之詮釋
1,從日月光違法排放廢水之司法判決論適用相關環境刑法法制問題
1,《晉書•刑法志》中的司法形式主義之辯
1,實務法學：刑法類
1,法條主義與刑法解釋中的實質判斷－－以趙春華持槍案為例的分析
1,刑法上業務過失之理論與實務－－以德國法為借鏡
1,刑事附帶民事訴訟實務運作程序研究－－以比較適用新刑法之發還條款為中心（下）
1,刑事附帶民事訴訟實務運作程序研究－－以比較適用新刑法之發還條款為中心（上）
1,正當防衛如何才能避免淪為僵屍條款－－以于歡故意傷害案一審判決為例的刑法教義學分析
1,社會憲治：刑法合憲性控制的一種思路
1,敢分手就毀了你──復仇式色情與刑法
1,實務法學：刑法類
1,要素分析模式之提倡－－罪過形式難題新應
1,實務法學：刑法類
1,說是才算同意（Only Yes Means Yes）──增訂刑法「未得同意性交罪」之芻議
1,中臺間人員交流與追訴時效制度之探討（Study of the Cross-Strait Flow of People and China’s Limitation Period for Prosecution）
1,金融刑法的範式轉換與立法實現－－從“壓制型法”到“回應型法”
1,德國犯罪被害人地位之強化──綜覽刑事政策、刑法、刑事訴訟以及實務領域之最新發展（譯文）
1,刑法沒收新制對逃漏稅捐罪之影響
1,醫療刑法上「過失的不純正不作為犯」討論－－兼評臺灣高等法院97年度醫上更（一）字第3號刑事判決
1,有生權力與性／別立法：從德國歷史經驗解讀台灣《刑法》的性政治
1,實務法學：刑法類
1,上訴第三審與刑法加重規定(最高法院105年度台上字第3443號判決)
1,展望未來的刑事立法政策？（下）──評2017年法務部之刑法修正草案
1,評法務部刑法部分條文修正草案
1,刑法第三十一條的存廢與立法問題
1,刑法中的少數民族自治地方立法變通權研究
1,展望未來的刑事立法政策？（上）──評2017年法務部之刑法修正草案
1,實務法學：刑法類
1,新刑法修正草案的評估與建議
1,實務法學：刑法類
1,保安處分概論
1,變遷中的肇事逃逸罪──評最高法院104年度臺上字第2570號刑事判決
1,網路交易詐欺行為成罪之驗證
1,刑法不法利得沒收制度溯及適用之憲法問題
1,環境刑法之體系與難題
1,刑法作為適切手段（譯文）
1,刑訴篇
1,關係企業同時指派代表人擔任被投資公司董事與監察人之效力─評最高法院一○四年度台上字第三五號判決
1,刑法篇
1,礦業法增訂補辦環評之溯及既往規定
1,無主物先占─以祭祀公業先占無主違章建築案為中心
1,災害中到院前緊急醫療救護行政管制之法律問題——以八仙粉塵延燒事故為例
1,李毅‧辰翊編著《勞動社會法爭點解讀》
1,第二審新攻擊與防禦方法提出容許要件之探討─以第二審消滅時效抗辯與抵銷抗辯之提出為中心
1,論食品安全衛生管理法第49條重新入罪化之必要性──以最高法院105年度第18次刑事庭會議決議及近期相關判決對「攙偽或假冒」抽象危險行為之解釋爭議為出發點
1,賴宏宗律師編著《考點式票據法一本通》
1,放火罪之公共危險及犯罪評價摘要
1,析論陸海空軍刑法第 44 條凌虐罪之適用問題－－以德國防衛刑法為借鏡*
1,論網路時代刑法解釋的限度
1,主體間性理論對刑法現代化的再造
1,刑法上公務員之類型(最高法院106年度台上字第106號刑事判決)
1,宗教騙色（刑法第221條第1項其他違反意願之方法的解釋）
1,中國刑法溯及力規範演化辨考
1,實務法學：刑法類
1,食品安全管理與 運用刑事制裁之研究
1,實務法學：刑法類
1,虛擬財產的刑法屬性及其保護路徑
1,被害人教義學在刑事司法中的適用——以集資詐騙罪為中心
1,刑法第336條公益公務業務侵占罪之身分類型與應用
1,論陸海空軍刑法關於「戰時」規範效應
1,公布欄記載專案期間是否構成刑法上洩密罪？
1,商業賄賂行為可罰性簡析──以2015年德國刑法典第299條商業賄賂罪之修正為鑑
1,從刑法沒收新制探討行政執行與沒收之優先順序
1,未申報的不作為逃漏稅捐
1,實務法學：刑法類
1,試析刑法親親相隱的歷史軌跡和當代價值
1,實務法學：刑法類
1,科研人員的刑法定位：從憲法教義學視域的思考
1,放寬刑法追訴權時效
1,網絡謠言的刑法規制：基於《刑法修正案（九）》的解讀
1,“但書”出罪適用的基礎和規範
1,補破網
1,實務法學：刑法類
1,空白刑法補充規範(最高法院101年度台上字第5380號判決)
1,不真正不作為犯的本質與歸責——基於罪刑法定視角的展開
1,共犯的客觀構成要件從屬性之提倡
1,故意與事實錯誤
1,交通管理部門的事故責任認定與交通肇事罪之判斷
1,論《羅馬規約》第30條中的「故意」與「明知」
1,實務法學：刑法類
1,簡介2016年德國性刑法之修正
1,由「勒斃竊賊案」判決論過當防衛之判斷──評臺灣高等法院105年度上易字第1232號判決
1,台籍電信詐欺嫌犯在第三國被遣送中國大陸案之爭議
1,美國性侵害相關犯罪之介紹──以紐約州法為例
1,工具化的刑法詮釋
1,構成要件論的諸問題
1,為普適性的刑法體系而奮鬥——品讀喬治•弗萊徹之《刑法的語法》(第1卷)
1,死刑適用的控制路徑
1,准中止犯制度構建——以制度理念差異分析為展開
1,外國刑法學的開拓者何鵬的治學之路
1,懲罰的社會維度：加蘭刑事思想檢討——兼論社會理論下的刑法研究
1,我國犯罪定性定量立法模式檢論
1,論克服犯罪主觀要件證明困難的特殊方法
1,妨害未成年人性自主刑責之比較法研究
1,淺談日本性刑法及近期修法動向
1,法治語境下極端主義犯罪治理定量研究
1,刑法對誹謗言論的合理規制
1,中立幫助行為的可罰性——以客觀歸責理論為路徑的展開
1,日本的醫療過失犯罪研究
1,毒品犯罪防控中截利問題研究——以涉毒洗錢犯罪為視角
1,瑕疵證據理論的反思與重建
1,論刑法上的醫師保密義務
1,中國大陸性刑法立法綜覽與問題評析
1,重要實務
1,能動司法與功能主義的刑法解釋論
1,網路造謠、傳謠行為刑法規制體系的構建與完善
1,刑法第57條科刑量表建置的犯罪學觀點
1,臺灣刑法中保護性自主決定的制裁規範──現行法制的介紹以及未來修法的展望
1,賄賂罪與對價關係
1,修正「洗錢防制法」
1,刑事訴訟法偵查不公開與刑法洩漏國防以外機密罪之關係－以臺灣臺北地方法院102年度矚易字第1號刑事判決為例
1,先前行為作為義務來源否定說批判
1,論過失共同正犯的共同性
1,針對互聯網上兒童色情的封鎖義務——2009年5月5日BT-Drucks.16/12850號法律草案之評論及完善
1,盜竊罪數額在三階層犯罪論體系中的定位
1,審判中心視野下刑事審前程序訴訟化改造
1,辠”與“罪”及其所見之刑法觀的變遷
1,日本刑法沒收規定的思維
1,2015年刑事法發展回顧：刑法沒收制度之變革
1,實務法學：刑法類
1,刑法犯罪構成要件解釋之界限－－「有投票權之人」的解釋
1,實務法學：刑法類
1,刑法第190 條之1 的「污染」
1,罪刑法定下的明確性要求－－賄選罪與準受賄罪的關連
1,日本刑法沒收規定的思維
1,刑法、基本權與公民不服從
1,精神醫療鑑定與刑事審判－－以現行鑑定制度的缺失為中心
1,脫下高貴的公民不服從的外衣──簡評〈刑法觀點下的公民不服從〉
1,醫療隱私保護的法律規範－－以電子病歷系統為核心
1,去政治的公民不服從──評薛智仁教授之〈刑法觀點下的公民不服從〉
1,論不法利得之剝奪：以行政罰法為中心
1,刑法沒收修正評析
1,實務法學：刑法類
1,以憲法之表現自由處理「公民不服從」爭議──評薛智仁教授〈刑法觀點下的公民不服從〉一文
1,霍布士與洛克關於社會契約的論證模式
1,德國刑法對非法影響力交易的處理1
1,德國刑法對非法影響力交易的處理2
1,德國刑法對非法影響力交易的處理（一）
1,竊盜、侵占與轉贈贓物下的沒收－－兼評最高法院40臺非5判例
1,新修正刑法之「獨立宣告沒收」（下）
1,竊盜、侵占與轉贈贓物下的沒收──兼評最高法院40台非5判例（一）
1,實務法學：刑法類
1,沒收新制之時的效力──裁判時新法適用原則與施行法統合效果
1,論刑法修正與刑罰結構調整
1,全國人大常委會基本法律修改權之實證研究－－以刑法修正案為樣本的統計學分析
1,何謂刑法第315條之1的「非公開之身體隱私部位」?(最高法院103年度台上字第3893號判決)
1,新修正刑法之「獨立宣告沒收」（上）
1,刑法沒收新制介紹
1,刑法中從業禁止的性質及其適用
1,實務法學：刑法類
1,針對電信詐欺集團犯罪擬修正刑法詐欺罪
1,刑法221條之適用(最高法院104年度台上字第1380號判決)
1,論保全證據與保全沒收執行之獨立扣押的競合
1,營當秘密檢核表－－訴訟及事業經營須知
1,論借名保險契約之法律關係－－兼評臺灣臺中地方法院103年度重訴字第549號判決
1,論《人民警察法》第10條的刑法理論基礎與具體適用
1,但書規定：一個比較刑法下的考察
1,犯罪論體系的教學功能——基於法學本科教育目的之反思
1,經濟刑法總論「序言」
1,犯罪治理市場化與均等化
1,實務法學：刑法類
1,人性、情理、法意－－親親相隱制的傳統與現代 
1,從適用論刑法第58 條規定之存廢：兼評「沒收新法──雷神索爾的戰錘」幾點質疑
1,論刑法規範的司法邏輯結構－－以四維論取代二元論的嘗試
1,新修正之刑法沒收相關規定的爭議問題
1,公司法第235條之1「員工酬勞」之簡介
1,淺談多層次傳銷管理法之調處機制比較與檢討
1,由憲法觀點論刑法新增之不法利得沒收規定
1,假定因果關係、合義務替代行為與法所不允許風險的實現
1,限制正犯概念的批判性考察——基於構成要件的視角
1,比較法視野下網絡服務提供者的責任
1,全球風險社會中的食品安全刑法
1,公平清償與刑法保護：破產債務偏頗清償行為入罪
1,“民刑法防衛過當二元論”質疑
1,製法界定物請求項審查與侵權判斷之比較、探討－－以台、日、美為例
1,論二階層客觀歸責體系下風險增高理論的提倡
1,我國共犯制度之歷史誤讀
1,故意的認識對像和違法性的認識
1,論故意對附隨結果主觀歸責的擴張效應——從具體打擊錯誤展開
1,「多因一果」型故意殺人罪中的歸因與歸責——以林森浩故意殺人案為例
1,監獄者說一名35年監獄警察的從警感悟
1,契約用語講座－－第三講：「義務」
1,論醫療疏失之實務認定與程序評最高法院102年台上字第1414號判決
1,刑法中的危險接受
1,正當防衛制度的司法癥結和解決對策研究——基於全國2486件案例的實證分析
1,論區分不法與罪責的意義
1,論抽像危險犯的法益構造與界限
1,以危險方法危害公共安全罪「口袋化」的實踐糾偏
1,論我國少年司法體制的構建
1,從例外狀態考量財經刑法的新課題
1,正史《刑法志》「文本」研究路徑舉要
1,民主鞏固過程中驅動法院判決之動力：以中科三期案為例
1,契約用語講座－－第三講：「義務」
1,“預防性”反恐刑事立法思考
1,刑事立法的理念與技術──反思中國大陸《刑法修正案（九）》
1,論基於合理信念的假想防衛
1,我國首部犯罪學教材知識譜系分析
1,查理斯•狄更斯文學作品中的法學情緣——以《霧都孤兒》《荒涼山莊》《雙城記》《游美札記》為分析樣本
1,刑事訴訟中的「過度起訴」現象評析
1,第三人之犯罪物沒收——以提供型為中心（一）
1,簡評 104 年刑法沒收制度修正對行政執行程序之影響——以公法上金錢給付義務之執行為中心（二）
1,簡評 104 年刑法沒收制度修正對行政執行程序之影響——以公法上金錢給付義務之執行為中心（一）
1,新修刑法第 2 條第 2 項規定之釋疑（二）
1,第三人之犯罪物沒收——以提供型為中心（二）
1,刑法篇
1,美國刑法中的文化辯護及其啟示
1,簡評 104 年刑法沒收制度修正對行政執行程序之影響——以公法上金錢給付義務之執行為中心（三）
1,客觀歸責論再批判與我國刑法過失論的完善
1,新修刑法第 2 條第 2 項規定之釋疑（一）
1,立委針對殺童案擬修正刑法殺人罪等相關規定
1,從日本食品衛生法思考頂新案地院判決
1,犯罪物沒收
1,刑法第三八條之一第二項立法理由與德國擴大沒收
1,犯罪所得優先發還被害人――簡析新刑法之發還條款
1,組織考試作弊罪若干問題研究
1,色拉敘馬霍斯的法律實證主義及其危機
1,論環境私主體治理的法治進路與制度建構
1,裁判選輯：刑法類
1,邏輯與經驗：刑法積極一般預防理論質疑
1,《刑法修正案（九）》賄賂犯罪立法修正評析
1,論接觸要件在剽竊案中的程序和實質意義－－從《小站》案切入
1,禮學傳承與君權政治－－子夏氏之儒對法思想史的影響
1,刑法第185 條之3 的「駕駛」行為——評台灣新北地方法院104 年度審交簡字第150 號判決
1,刑事立法：在目的和手段之間－－以《刑法修正案（九）》為中心
1,《刑法修正案（九）》的犯罪化立法問題
1,論原因在合同效力中的功能
1,要約通知與單純沉默
1,上位法規定不明確之規範性文件的效力判斷－－基於66個典型判例的研究
1,刑法共同正犯概念之理解新義──第28條的現在與未來
1,專利權保護網之漏洞及其彌補手段研究
1,刑法總則的修改與檢討－－以《刑法修正案（九）》為重點
1,格式條款規制標準研究
1,從證據收集看審前羈押－－基於A市的實證研究
1,《刑法修正案（九）》立法評析與司法適用
1,“組織、強迫、引誘幼女賣淫”規定再解讀
1,地方立法權擴張的合憲性與憲法發展
1,量刑應實行定量與自由裁量並行－－以貪污、受賄罪量刑標準的修改為視角
1,治療行為與病人之同意（承諾）之關聯性─從刑法觀點之思考
1,金律師編著《圖解式法典－刑法》
1,裁判選輯：刑法類
1,終極裁判：《刑法》第57條之外的量刑判準
1,刑法實務選編
1,也談《刑法修正案（九）》關於貪汙賄賂犯罪的修改
1,美國司法機構職能外包的質疑和回應－－聚焦“政法夠有職能”
1,立案形式審查中的事實主張具體化
1,刑法實務選編
1,貪污瀆職罪之立法展望－－以結合截堵功能與訴訟證明的基本職務收賄罪為中心－－與談意見（一）：刑法抗制貪污犯罪之新思維－－「貪污瀆職罪之立法展望－－以結合截堵功能與訴訟證明的基本職務收賄罪為中心」
1,國際經濟法治格局的研判與應對－－兼論TPP的中國立場
1,重大行政決策行為的性質與認定
1,工業用地出讓價格管制研究
1,論《跨太平洋夥伴關係協議》（TPP）與我國多邊和區域一體化戰略
1,互聯網監管政策多邊貿易規則法律問題探析
1,論比例性原則在私法關係中的運－－以英國和歐洲人權法院案例為視角
1,刑事法研究會第三次沒收研討會「刑法沒收草案之檢討與展望」研討會紀錄
1,《刑法修正案（九）》的犯罪控制策略視野評判
1,論“航空運輸總條件”的合同地位與規則
1,論庭前會議功能失範之成因－－從庭前會議決定的效力切入
1,我國《刑法》中的“共同犯罪”: “犯罪共同說”抑或“行為共同說＂
1,不看不行的司法考試考點熱區—刑法「沒收新制」修法簡介
1,論《刑法》第38條之修正
1,過失共同正犯否定論
1,家事糾紛法院調解實證研究
1,評述刑法第二條第二項之修正－－質疑修正沒收關於時之效力
1,裁判選輯：刑法類
1,從經濟刑法觀點看特別背信罪
1,中國刑法第13條但書實證研究——基於120份判決書的理論反思
1,論刑法的機能主義化 
1,裁判選輯：刑法類
1,刑事政策與刑法體系關係之梳理——兼論羅克辛目的理性犯罪論體系之變遷
1,法外空間及其範圍－－側重刑法的考察
1,社科法學與法教義學共生論——兼論刑事政策與刑法教義學之關係
1,當不能犯未遂理論走向客觀之後——以刑法的價值構造為檢閱基礎
1,刑法實務選編
1,國際刑法中的歸因問題研究——一個德國法視角的考察
1,刑罰目的與刑法體系──論Günther Jakobs功能主義刑法體系中的罪責
1,從刑法背信罪分析銀行法第125條之2──特別背信罪的適用爭議
1,裁判選輯：刑法類
1,2014年刑事法發展回顧：刑法謙抑性的再檢視
1,刑法實務選編
1,刑法視野下臨終患者的自主決定權及限制
1,環境風險與環境刑法之保護法益
1,親屬相姦罪的歷史流變及其趨向
1,不知所「錯」──關於空白構成要件填補規範的錯誤
1,釋法抑或造法：由刑法歷次修正引發的思考
1,特別法條優於普通法條適用－－以金融詐騙罪行為類型的意義為分析視角
1,裁判選輯：刑法類
1,刑法觀點下的公民不服從
1,寬容社會的曙光？——從市民刑法的例外、犯罪事後處理機能、社會責任於個人責任的反饋回應三篇評論文
1,關於《中華人民共和國刑法修正案（九）》的說明
1,單位經濟犯罪刑事責任比較研究——以德國、日本和我國刑法理論為視角
1,榮律師編著《透明的刑法解題書》
1,裁判選輯：刑法類
1,特別認知者的刑法歸責
1,從刑法的主、客觀主義觀察因果關係錯誤問題
1,裁判選輯：刑法類
1,羈押法第6條等規定修正前受羈押被告之訴訟救濟案－釋字第720號解釋與評析
1,旭律師編著《刑法爭議研究》
1,政府採購得標廠商應進用一定比例原住民案－釋字第719號解釋與評析
1,民事實務見解回顧（十三）析論代位權
1,強制罪之整體不法判斷－從彰化台電施工抗爭案的判決談起
1,刑訴篇
1,離婚後子女監護案件「子女最佳利益原則」的再檢視－評析2013年12月修正之民法第1055條之1規定
1,末期之醫療決定與刑法評價
1,裁判選輯：刑法類
1,刑法篇
1,登錄興櫃公司證交法相關問題整理
1,高雄氣爆之國家賠償責任與管線埋設相關之法規範及其主管機關之權責
1,刑法上公務員之認定(最高法院104年度台上字第84號判決)
1,從經濟刑法觀點看特別背信罪
1,論嚴重違反國際人道法事件、個人刑事責任、國家與國際司法機構之起訴、審判，以及國際刑法之最新發展
1,刑法明確性原則之新定位：評介德國聯邦憲法法院之背信罪合憲性裁定
1,裁判選輯：刑法類
1,論不純正不作為犯的規範論屬性：一個視角的轉換
1,不能犯的立場選擇與證成——客觀危險說之提倡
1,盜竊罪中的佔有——以德日比較為視角的考察
1,民國時期的共同過失犯罪立法史考察
1,內心確信的認知責任
1,清代死刑法：在儒家體系與復仇觀念之間
1,裁判選輯：刑法類
1,公民抗爭與不服從運動的刑法評價—兼評三一八運動的占領議場行為
1,規範性的事實支配與不真正不作為犯——基於對三種不作為犯理論的批判性思考
1,不能未遂的可罰性
1,親密敵人與快樂伴侶——學作為刑法學研究工具之可能性探討
1,刑罰的正當化根據與刑罰的人道化——老人死刑適用限制的批判性分析
1,刑事和解程序中「從寬處罰」之解析與適用
1,治療行為與病人之同意（承諾）之關聯性──從刑法觀點之思考
1,醫療常規與專斷醫療的刑法容許性－－評析拒絕輸血案
1,法學家法與創造論證性的刑法解釋
1,風險刑法理論之辨正
1,組織犯刑事責任構造之探討
1,什麼是證據法？
1,三元整合論：我國刑事被害人國家補償立法的理論基礎
1,故意殺人罪中的「手段殘忍」研究
1,自首！解放乳頭運動的法律戰－－民法與刑法的綜合運用
1,刑法規範二重性序論
1,關於組織支配的最新研討
1,最近幾代人所取得的最為重要的教義學進步？——評刑法中不法與責任的區分
1,多元視域下的刑事司法與民意
1,冷漠即是殘忍——論不救助入罪的正當性
1,對不純正不作為犯的客觀歸責
1,論德國對技術偵查措施的法律規制
1,作為調節性觀念的敵人刑法
1,我國刑法分則中的法律擬制梳理與評析
1,當前暴恐犯罪的特點分析和態勢評估
1,論憲法規範與刑法規範之詮釋循環－－以入戶搶劫與住宅自由概念為例
1,論亮票是否構成刑法第132條洩漏國防以外秘密罪
1,刑法立法阻卻事由的理論界定與制度前景
1,論我國刑法不採取共犯從屬性說及利弊
1,事實因果與刑法中的結果歸責
1,全球風險社會中的食品安全刑法
1,死亡協助的刑法問題
1,關於2014年6月18日詐欺犯罪修法之評析
1,Hans Welzel與日本刑法學
1,刑法第十九條第三項之適用限制──臺灣高等法院臺南分院一○二年度侵上訴字第九四六號刑事判決評析
1,死刑替代措施：一個需要警惕的刑法概念
1,私裝GPS跟監與刑法第三一五條之一──評臺灣高等法院一○○年度上易字第二四○七號判決
1,刑法上罪責概念及法人的可責性研討會概況
1,中國大陸刑法共同犯罪體系的檢討──單一抑或非單一正犯概念
1,附負擔緩刑之研究──以刑法第七四條第二項第三款附損害賠償負擔為論題
1,刑法上公務員身分規定之檢討
1,與歐洲緊密連動下的德國刑法未來命運
1,刑法184條為具體危險犯(最高法院102年度台上字第3977號判決)
1,從罪刑法定原則析論中國傳統法制——以唐律為例
1,刑法公務員定義在實務適用之若干問題
1,入戶盜搶犯罪的刑法諸問題研究
1,關於“受虐婦女殺夫案”的刑法基本立場思考──兼論大陸刑法之“被害人過錯”入罪
1,一體化稅法新論
1,新修正刑法第一八五條之三不能安全駕駛罪之證明問題
1,論強制墮胎行為之刑法評價——以我國與中國法制比較為中心
1,從客觀轉向主觀：對於刑法上結果歸責理論的反省與重構
1,辯護人全盤否定證據能力之妥適性
1,金融人與法律人聯手打亞洲盃，方為正途！
1,刑法上作為與不作為之區分
1,談最高法院就若干重要刑法概念之新詮釋
1,國際司法訊息
1,刑事不法與行政不法臨界之檢討——以刑法第185條之3為論述中心
1,美國刑法中的公民不服從（Civil Disobedienc）
1,擔任檢察官協會副秘書長四年有感（二）
1,陸海空軍刑法爭議問題研析－－兼評相關實務判決
1,刑法作為保障食品安全之手段——兼評彰化地方法院100年度矚易字第1號判決、台灣高等法院台中分院101年度矚上易字第295號判決
1,「對醫事人員施暴」之刑法適用
1,公訴心得——翻供的證人
1,刑法學研究的五個關係
1,再論刑事不法與行政不法之區別──以德國聯邦憲法法院裁判見解及立法形成自由為中心（下）
1,刑法解釋的功能性考察
1,論“非法獲取公民個人信息罪”的司法認定－－基於190件案例樣本的分析
1,漠視「刑法謙抑思想」而誤用行政罰法第26條——評析高高行98年訴304號判決
1,類型思維的興起與刑法上之展開路徑
1,漠視「刑法謙抑思想」而誤用行政罰法第26條——評析高高行98年訴304號判決
1,我國刑法應取消組織賣淫罪
1,網路文字交談的隱私利益及其刑法保護
1,論互聯網金融刑法規制的”兩面性”
1,「不實登載詐領健保」案件之刑法適用─評析臺灣高雄地方法院99年度易字第1850號刑事判決
1,行政執法風險的內控機制初論－－以食品安全執法為例
1,中國公司對外擔保規則特殊性研究－－兼論民法商法思維方式的對立統一
1,權利衝突視野下的勞動者知情權問題研究
1,論所有人抵押權－－基於對德國法和瑞士法的分析
1,我國金融監管制度供給過剩的法經濟學分析
1,論未成年人刑事判決之有限公開
1,具行政行為檢查監督的制度架構
1,技術服務不能及其救濟
1,反壟斷法的地位及其政策含義
1,國際海洋法仲裁法庭對菲律賓訴中國案的管轄權問題研究
1,資訊風險與刑事立法
1,司法政策論要－－基於行政訴訟的考察
1,論私法上的合意及其判定
1,電子數據搜查、扣押的法律規制
1,A JURIDICAL LOGIC SURVEY ON THE DUAL CRIMINAL PATTERN IN CHINESE CRIMINAL LAW
1,行政行為執行力的觀念及消弭－－我國行政義務時效確保手段研究之爭議
1,離婚婦女婚姻家庭權益司法保障實證研究－－以吉林省中等發達地區某基層法院2010-2012抽樣調查的離婚案件為對象
1,國際技術許可中限制性行為法律規制的現實與挑戰
1,國企為何需要行政化的治理－－一種被忽略的效率性解釋
1,疑罪從無處理的程序法規制
1,美國《犯罪被害人權利法》擴張適用及其啟示
1,衝突與融合：民事二審審理方式實踐運行與規則預設的檢視和改造
1,論我國編造、傳播虛假信息的刑法規制
1,我國海商法中的實際承運人制度及其適用
1,危險駕駛罪的主觀要件研究
1,社會治理刑民事檢查制度初探－－實踐、規範、理論的交錯視角
1,科技進步與中國刑法的近現代變革
1,中國古代的律文解釋與近代的刑法法條解釋之比較－－以《唐律疏議》與《中華民國新刑法判解彙編》為例
1,嫖宿幼女罪保護法益的正本清源－－兼談嫖宿幼女罪未來的修法方向
1,國際民商事合同中的默示選法問題研究
1,中國犯罪記錄制度的體系化構建－－當前司法改革中裁判文書網路公開的憂思
1,抵抗權、公民不服從與刑事不法——論318進駐國會議場事件的刑法評價
1,論新刑事訴訟法實施後的公訴變更問題
1,刑法類推解釋禁止之思考
1,刑事訴訟體系的立法設定與實踐表達
1,Aktuelle Probleme des Internetstrafrechts
1,中國近代刑法繼受的肇端和取向－－以1907年大清新刑律草案簽注為視角的考察
1,自貿區建設中刑法適用不可回避的“四大關係”
1,論我國合作金融行業組織體系的法律重構
1,國際投資條約中投資的確定與東道國發展的考量
1,“風險社會”語境下妨害公務罪的存在根據與合理解讀－－以我國《人民警察法》第35條與《刑法》第277條之銜接為切入點
1,高雄石化氣爆事件與刑法上的組織歸責
1,研究刑事起訴醫療糾紛制度
1,論德國刑法中的緊急防衛過當
1,肇事逃逸「致人死傷」的判斷－最高法院九十六年度台上字第五○一五號刑事判決評析
1,刑法概念的重新界定及展開
1,公民抗爭與不服從運動的刑法評價－－兼評三一八運動的占領議場行為
1,對於民法第八六七條抵押權追及性之研究與建議
1,後果考察與刑法目的解釋
1,刑訴篇
1,備受挑戰的公司治理：論股東會議程之變動－評臺北地方法院一○一年度訴字第一九一四號判決：兼評最高法院九
1,從德國刑法觀點論安寧緩和醫療條例之發展趨勢
1,刑法修正案罪刑均衡實證研究
1,刑法篇
1,劉律師編著《民法總則爭點破解》 －意思表示之解釋
1,大法官會議解釋─釋字714號～722號
1,票據之越權代理與代行
1,新聞記者跟追他人處罰規定合憲性之探討
1,我國網路智慧財產權犯罪制裁體系檢視與未來建構
1,臺、美刑法「不能未遂」之初探
1,中國大陸消費者權益保護法修訂後經營者之民事責任
1,以效率作為資本市場法的指導原則－－用經驗和經濟的方法論證民法、刑法以及公法中的制裁手段
1,刑事訴訟法偵查不公開與刑法洩漏國防以外機密罪之關係－－以臺灣臺北地方法院一○二年度矚易字第一號刑事判決為例
1,《洗冤錄》在清代的流傳、閱讀與應用
1,唐律「得古今之平」再辨
1,寧法讓三寸，勿理虧一分──鄭健才大法官法律生涯記述
1,德國刑法史與當代刑法學關係
1,日本自衛隊法律事務組織與職能之介紹
1,法人不該享有刑法上的名譽∕南高分院102上易285判決
1,大陸《刑法》的犯罪概念與罪刑法定主義
1,論否准人民依法申請事件之陳述意見權利
1,國家與法律──《通典．刑法典》的法律書寫與秩序觀
1,關於唐代《法例》書
1,離婚訴訟之研究
1,行政裁罰事件追繳不法利得之研究
1,國家統治技術演進下的抵抗權概念－－兼論其刑法評價上的作用
1,民國十七年的舊刑法與司法實踐
1,刑法背信罪之信託義務與商業判斷法則－－以理性主義為基礎
1,德國社會法院之發展史
1,通訊保障及監察法修正意旨之辯證與再修正方向之檢視
1,政府採購環境保護產品之探討
1,失能保險及其爭議問題之研究－－以美國的發展為論述核心
1,淺談執簡御繁的法律學習之道——以刑法的概念引導及體系構成為中心
1,衛星定位追蹤之刑責－－評臺灣高等法院100年度上易字第2407號判決
1,臺灣制憲運動的回顧與展望──以民主進步黨為中心
1,消滅時效制度之整合與變革－－歐洲契約法原則第14章及德國民法典修正之比較觀察
1,訴訟上和解程序之研究－－以德國法為中心
1,刑法上義務衝突之法律性質
1,證券刑法的矛盾樣態及反思
1,清代刑事審判文化：以臺灣命盜案件審判為個案之分析
1,無「法」的司法：晚清巴縣工商業合夥債務糾紛解決機制研究
1,見微知著皆史料，鴻爪雪泥覓法跡──評鄭顯文著《出土文獻與唐代法律史研究》
1,重罪羈押中「相當理由」概念於我國司法實務之光與影－－以釋字第665號解釋及其後之相關最高法院裁判為中心
1,以學生學習成效為導向在刑法課程中的實踐
1,刑法中目的解釋的方法論反思
1,談Helmut Satzger教授《國際刑法與歐洲刑法》
1,再論刑事不法與行政不法之區別──以德國聯邦憲法法院裁判見解及立法形成自由為中心（上）
1,風險刑法的社會基礎
1,基於憲法及公約之類似緊急避難──初探公民抗爭運動的刑法評價平台
1,罪刑法定的路徑選擇與方法保障－－以刑法中的類型思維為中心
1,服貿抗爭的刑法議題
1,也論刑法教義學的立場－－與馮軍教授商榷
1,刑法上的對應原則
1,「打擊錯誤」之刑法適用
1,金律師編著《刑法總則》－－刑法之概念與基本原則
1,妨害食品安全刑事責任之探討
1,違法行為矯治法的制定及其與刑法的協調
1,刑法第294條與具體危險犯  (最高法院99年度台上字第3048號判決)
1,刑法法典化的世紀－－從Feuerbach到帝國刑法典
1,重新建構刑法上保證人地位的法理基礎
1,可罰的違法性理論利弊之啟示
1,從首例「男男強姦案」司法裁判看刑法解釋的保守性
1,刑法中“自由的法”發現及其限制
1,風險刑法理論的法教義學批判
1,刑法解釋與原住民狩獵文化／最高院102台上5093判決
1,「刑法」第29條第2款的法理分析
1,風險社會與變動中的刑法理論
1,啥也沒修的「修法」鬧劇－－簡評醫療法新第106條「王貴芬條款」
1,刑法教義學的立場和方法
1,刑法第227條作為青少年的性禁忌迷思／最高院99台上497判決
1,刑法有關數罪併罰之最新修正－－兼論易科罰金之合併處罰問題
1,下手不知「輕重」
1,行政效率與人民聽審權之取捨
1,這一次來真的
1,血染太陽花──談警械使用與國家賠償
1,捍衛新聞自由
1,這次不罰了！！！
1,機不可濕
1,非禮勿搜——論無令狀搜索
1,特休不休假獎金，非屬工資
1,違法徵收與國家賠償
1,離情依依
1,刪文行不行！？論妨害電腦使用罪
1,神鬼交屋
1,刑法上正當防衛初探
1,樂華夜市再見了？！
1,論公司之重整
1,有因必有果？論刑法之因果
1,從食安事件看詐欺罪
1,從詐騙新手法談訴訟權之保障
1,酒駕傷身又傷財──強制汽車責任險新變革
1,偷拐搶騙——談竊盜罪與搶奪罪
1,論董事會之職權與董事長之代理
1,從冒用他人資料訂火車票，論刑法上準文書
1,風險刑法的理論邏輯－－兼及轉型中國的路徑選擇
1,社會抗爭與刑法的極限──關廠工人臥軌刑事案件法律研討會
1,空白刑法與法律變更(101年度台上字第5380號判決)
1,三○百貨三月熄燈，美○社前景正熱
1,使命不達——談背信罪
1,境外來臺投資方式面面觀
1,不得不為──論不作為犯
1,三三來遲
1,論股東會之召集權
1,先禮後冰
1,公民個人資訊刑法保護問題研究
1,德屆刑法電腦犯罪修正案研究
1,有因必有果？論刑法之因果
1,人呆不要緊，連帶才糟糕
1,雨露均霑──從屬公司員工將能適用限制型股票
1,一人一半，感情不散
1,資訊不實誰之過？
1,廢死行不行
1,起手無回大丈夫
1,一支鞋兩樣情
1,社會抗爭與刑法的極限──關廠工人臥軌刑事案件法律研討會
1,被害人特殊體質案件中死亡結果的歸責問題
1,德國波恩州法院關於一起故意殺人未遂案的判決書
1,"犯罪動機的概念廓清以及體系性地位初探－－基於德國刑法典第#"" 條謀殺罪的研究"
1,中德兩國判決書製作風格初探
1,懷念西田典之先生
1,我與中日刑事法學術交流－－以相逢為中心
1,因果關係認識錯誤：全等審查階層視角的考察
1,刑法中注意規範保護目的理論研究
1,被害人自我答責的理論根基探析
1,間接故意以及犯罪承接理論的批判性反思
1,一份判決'兩種制度'三重視角－－中德“逮捕聆訊審查程式＂比較及其展開
1,紀念西田典之先生
1,作為不真正不作為犯的制約根據的真正不作為犯
1,論國際刑法中的共犯刑事責任
1,論故意殺人未遂與故意傷害罪的競合關係
1,管窺德國量刑法－－兼與我國量刑規範化改革相比較
1,司法鑒定改革的德國啟示－－從一份德國法院刑事判決書出發
1,悼念西田典之教授
1,美國的刑訊逼供(歷史變遷與司法治理－－兼論對我國治理刑訊逼供的啟示
1,街面犯罪空間防控的學說演進與理論啟示
1,社會抗爭與刑法的極限──關廠工人臥軌刑事案件法律研討會
1,復作考──《漢書》刑法志文帝改革詔新解
1,「開錯刀」之刑法適用流程
1,三階層犯罪論體系與刑事判決書的對接－－以德國波恩州法院關於一起故意殺人未遂案的判決書為視角
1,簡論精神障礙者刑事責任能力的認定－－從波恩法院之刑事判決談起
1,論德國刑法的量刑因素及其應用－－以哈逖姆/馬斯洛依案件判決書展開
1,德國刑事判決書說理方法探微－－以馬斯洛依故意殺人一案刑事判決書為視角
1,德國競合論下的法條競合
1,搶劫信用卡並使用行為的定性與處罰－－兼論刑法上的“充分且不重複評價＂原則
1,囚禁的意義
1,雙階理論於刑事審判之適用──兼評最高法院一○二年度台上字第一一五七號刑事判決
1,三階層的定罪邏輯及其背後的理論梳理－－基於對一份德國判決書的解讀
1,論刑法中的動機錯誤－－以人格刑法學為視角
1,判決書撰寫中刑事法教義學之提倡－－以一份德國刑事判決書語言、文字及說理方法為切入的分析
1,告別西田典之先生
1,立此存照：高尚挪用資金案側記
1,論“攜帶兇器盜竊＂的法益
1,論被害人生命法益處分權之限制－－以刑法父權主義批判為中心
1,刑法視野下醫療中止行為的容許範圍
1,我國共犯論刑法知識的淵源考察與命題辨正－－兼與陳興良教授商榷
1,古羅馬刑法的意外事故理論
1,「刑法最後手段性─刑法謙抑性格」安在哉？─評析臺灣高等法院95年度上易字第1737號刑事判決
1,類推適用與空白刑法／中高院102上易67判決
1,操縱証券、期貨市場罪「兜底條款」解釋規則的建構與應用搶帽子交易刑法屬性辨正
1,美國的保育役權及其對我國之借鏡價值
1,船務代理於海上運送貨損代位索賠之地位——兼評最高法院94年度臺上字第1850號民事判決
1,刑法防制酒駕新規定無漏洞惟執法誤解與立法謬錯
1,強化被害人在德國刑法與刑事訴訟法中的獨立地位以保護被害人——法律現況概觀
1,活用訴訟外紛爭解決機制解決勞資爭議問題——以檢視協調、調解機制為中心
1,由法律層面探討美國社會安全信託基金之改革
1,刑法教義學與刑事政策的關係：從李斯特鴻溝到羅克辛貫通中國語境下的展開
1,刑法知識轉型與實質刑法解釋的反形式主義
1,刑法教義學與刑事政策的關係：從李斯特鴻溝到羅克辛貫通中國語境下的展開
1,修法動態：刑法、行政程序法
1,也論抽象危險犯的構造與刑法「但書」之關係——以危險駕駛罪為引例
1,中國語境下存款佔有及錯誤匯款的刑法分析
1,小額貸款公司金融機構主體資格的確認與刑法保護
1,中國反恐刑事立法的描述與評析
1,大陸刑法的社會危害性概念與微罪處理
1,罪刑法定主義 刑法實例問題之思考與解決（二）
1,當代刑事政策發展的實踐路徑－－以刑法司法解釋為視角
1,平等權的司法保護－－基于116件反歧視訴訟裁判文件的評析與總結
1,戰國秦漢間「資」的字義演變與其意義
1,大埔案聲請停止執行遭駁回相關問題探討
1,反於血統真實認領的救濟管道──評最高法院100年度台上字第1034號及相關裁判兼論86年台上字第1908號民事判例
1,財經刑法的主觀歸責問題初探
1,我國職務犯罪刑事政策的新思考
1,裁判理性與司法權威
1,「車手」共同正犯的共同性研判──兼論最高法院一○○年度台上字第二八三三號刑事判決
1,德國普通刑法與少年刑法對金錢制裁之重大意涵
1,我國懲治有組織犯罪的實踐困境與立法政策
1,在論全國人大法律與全國人大常委會法律的位階判斷－－從劉家海訴交警部門行政處罰案切入
1,論組織賣淫罪中的組織行為－－因某組織賣淫案評析
1,刑法篇
1,律師倫理及律師民事責任之規制交錯
1,最高人民法院刑事司法解釋法律淵源地位之證偽
1,論歐洲刑事政策的一體化
1,被監護人受侵害時法律救濟的理論與實證考察
1,唐代長流刑之演進與適用
1,刑訴篇
1,保險事故發生後相關實務條款效力之研究
1,國家規範、部落傳統與文化衝突——從刑法理論反思原住民犯罪的刑責問題
1,刑法的刑事政策化及其限度
1,從飛機旅行案看德國的民法方法論
1,數字時代的作品使用秩序－－著作權法中複製的含意和作用
1,「秩序行政」與「秩序罰」之分野
1,警察行使職權與國家賠償責任──兼評臺北高行98年度訴字第1843號判決
1,財經刑法的主觀歸責問題初探──以證券交易法為核心
1,刑法妨害名譽犯罪初探
1,數罪併罰之沒收宣告──簡評最高法院九十六年度台上字第六二七四號刑事判決
1,近年來刑事實體法修正之回顧與評析——以刑法及貪污治罪條例為中心
1,從一事不再理原則談案件的單一性與同一性
1,刑法分則規定之明知：已表現犯為解釋進路
1,實務選編－－刑法
1,論刑法上的危險及其判斷－－以抽象危險犯為中心
1,間接正犯的光與影－－以比較刑法為視角的考察
1,刑法與治安管理處罰法的衝突與協調
1,風險社會與現代刑法的象徵性
1,刑法第306條辨正
1,集權與分權：中國刑法解釋機制的路徑考察
1,論中國刑法中的普遍管轄權
1,人之圖像與刑法實質解釋
1,罪刑法定主義的邏輯展開
1,「臨床裁量權」和「行為有價值」乃「醫療民法」和「醫療刑法」不可牴觸的底線
1,對一起竊取COA標簽案的刑法分析
1,刑法實例問題之思考與解決兼以101年律師考試刑法及刑事訴訟法第1題作為參考例示
1,證券交易法上背信罪是否為刑法背信罪之特別規定？──評台灣高等法院99年度金上重訴字第42號
1,新修正刑法「可易刑處分與不可易刑處分」之數罪併罰問題及刑訴法「原住民及無資力民眾律師依賴權」性質之探討
1,刑法的邊界研究
1,洗錢罪之研究——從實然面到規範面之檢驗
1,性刑法防制兒童及少年性侵害之修法研究
1,勞動檢查制度論－－法理基礎與我國現行體制之檢討
1,國際刑法學科發展的瓶頸與出路──以我國20所法學權威機構為調查對象
1,中國商法國際化問題芻議──從美國對華「雙反」調查等案例引發的理論思考
1,反思與重構：製作錄音製品的法定許可──兼評著作權法修正草案第46條
1,唐宋敦煌契約「恩赦」條款考論
1,不純正不作為犯的教唆犯
1,刑法上業務之概念（最高法院101年度台上字第1435號判決）
1,索取非法「債務」拘押他人的刑法定性
1,中國特色社會主義刑法學理論體系
1,公司在股權轉讓中的法律地位
1,多層次民事司法救濟體系探索
1,日本における最近の刑法改正について
1,刑法上公務員概念之研究——與美國法制之比較
1,刑法中客觀歸責理論規則體系研究
1,走進法律經濟學：第四章「罪刑法定主義」的舊瓶與新酒──由狹義解釋到廣義解釋
1,刑法司法公信力：從基礎到進退
1,中國特色社會主義刑事訴訟法學理論研究
1,論破產債權的順序
1,摸索證明論
1,南海U形線的法律屬性及在劃界中地位問題
1,論日本最近的刑法修正
1,《刑法修正案（八）》坦白制度的理解與適用
1,論群體性事件的行政法治理模式──從壓制型到回應型的轉變
1,資本主義的變遷與股份有限公司經理的報酬
1,我國社會保險制度歷史回眸與法制形成之展望
1,論我國涉外物權法律適用的完善
1,德國電子監控制度之探討
1,通過程序實現罪刑法定主義──兼論罪刑法定司法化的多種進路
1,淺介德國刑法中之無權使用交通工具罪
1,我國刑法中的「致人死亡」問題研究
1,轉化型搶劫罪新探
1,論安寧生活權
1,論保險人的免責條款明確說明義務──以對保險行業的實踐考察為基礎
1,中國繼承制度區際法律衝突及協調
1,船舶假扣押和海事優先權關係之探討－－以「為使航行可能所生之債務」為中心
1,就醫療刑事案件，刑法的歸刑法，他法的歸他法
1,刑法實質解釋論與形式解釋論的透析和批評
1,刑法實務選編
1,扒竊入刑：貼身禁忌與行為人刑法
1,通過程序實現刑法解釋的正當性
1,撤銷緩刑之研究
1,實務選編：刑法
1,故意傷害罪司法現狀的刑法學分析
1,刑法上「公共」概念之辨析
1,勞動者保護與勞動刑法之法理與檢討
1,刑法社會化：轉型社會中刑法發展的新命題
1,韓國刑法不能犯之探究——以韓國刑法第27條為核心
1,從政治刑法與國際刑法觀點論我國刑事補償正義與公民政治權利國際公約第9條及第14條之國內法實踐（下）
1,中國刑法學科發展評價（2010-2011）：基於期刊論文的分析
1,我國勞動刑法的現狀與未來──兼論德國勞動刑法
1,提前賄選的刑事責任
1,我國刑法中「明知」的含義和認定－－基於刑事立法和司法解釋的分析
1,構成要件論：罪刑法定與機能權衡
1,箭在弦上的「富人用錢贖刑，窮人以身服刑」刑法修正案之憂心
1,反思刑法明確性原則的機能
1,規則功利主義違法觀之提倡－－刑法學派之爭視角的展開
1,法益討論的新發展
1,論責任保險人和解義務之內涵——以美國法的發展為論述中心
1,岡田朝太與晚清廢除比附援引——兼論法律進化論在近代中國的影響
1,刑法上公務員受賄犯罪之研究
1,實務選編：刑法類
1,從英國2010年新賄賂法談我國反貪污法制修正方向
1,2012年臺灣刑事實體法制年度回顧評析刑法第185條之3新修正規定
1,論醫療契約不完全給付可歸責性要件之舉證責任——兼評最高法院97年度臺上字第1000號民事判決
1,大陸刑法犯罪論體系與若干問題的探討
1,共同訴訟之研究
1,荷蘭刑事程序法中之人權保障（下）
1,刑法累犯規定之檢討
1,大陸刑法因果關係理論與實務的研究
1,刑法的行為
1,帝制法治的兩面－－「斷罪引律令」與比附援引制度的思想基礎
1,中罪中刑的刑法結構之提倡——對嚴而不厲的一點質疑
1,交通犯罪中的危險犯立法與其解釋策略
1,論刑法中財物概念之解釋——以詐騙罪為視角
1,實務選編
1,實務選編：刑法類
1,荷蘭刑事程序法中之人權保障（中）
1,林誠二教授〈優先承買權之效力與行使期間——最高法院九十九年度台上字第一六九九號民事判決評釋〉重點提示
1,從政治刑法與國際刑法觀點論我國刑事補償正義與公民政治權利國際公約第9條及第14條之國內法實踐（上）
1,文明社會的野蠻誡命－－從嘉義地方法院九十二年度簡上字第一五一號判決談鄒族傳統財產權
1,德國刑法及刑法學在國際和歐洲法域之處境與對策
1,死刑司法控制：完整解讀刑法第四十八條
1,不能安全駕駛動力交通工具罪量刑實務分析
1,以GPS定位汽車行蹤構成刑法第三一五條之一犯罪——臺灣高等法院一○○年度上易字第二九一五號刑事判決
1,從實質法概念重新定義法益：以法主體性論述為基礎
1,去類型化猥褻性言論之理論建構--美國法之比較研究
1,刑法方法論與司法邏輯
1,公立醫院醫師是不是刑法上之公務員？
1,一八五一年普魯士刑法典－－當代「德國刑法典」的基礎架構
1,死刑案件裁判中非刑法規範因素考量
1,死刑戰爭：法律人類學的中介
1,實務選編：刑法類
1,法人犯罪刑事立法之新趨勢
1,類推與解釋的纏繞：一個類推的刑法史考察
1,刑法任務的司法邏輯解讀
1,是刑法還是洗錢防制法?法官不該未審先判
1,醫療鑑定之探討
1,當事人於第二審提新攻擊、防禦方法－評最高法院94年度台上字第266號、96年度台上字第1783號民事
1,網際網路上之刑法妨害名譽罪適用與界限—以實體與虛擬的二分社會論之
1,類型化的誠實信用原則
1,證券交易犯罪之探討－以強制公開收購刑事規制為中心
1,刑法篇
1,對故意致公司逃漏稅捐之公司負責人一律處徒刑之規定，違憲？－釋字第687號解釋與評析
1,僱用人之侵權行為責任－最高法院99年度台上字第115號民事判決
1,死刑法制之探討
1,刑訴篇
1,網路內容管制與言論自由－以網路中介者的角色為討論重心
1,現代刑法的特徵與危機
1,荷蘭刑事程序法中之人權保障
1,離婚後子女親權酌定之問題與對策？
1,刑法學中的當然解釋
1,論商法在中國社會主義市場經濟法律體系中的地位和作用
1,上市公司控股股東自利性並購的隧道阻遏研究
1,人本語境下的規則衝突與衝突規則
1,空想社會主義理想社會建構中的法律思想
1,幫助犯概念與範疇的現代展開
1,繼承權法律保護的六個疑難問題探析
1,金融公正理念的法學闡釋
1,氣候變化損害的國家責任：虛幻或現實
1,「火車性愛趴事件」與刑法誘媒性交猥褻罪
1,古羅馬公權力的構成兵近現代西方政權結構的基本模式——關於政體與權力分立學說的理論與實踐
1,論消費者權之法律邊界
1,新的法律虛無主義之批判——基於民事司法的視角
1,論清代官批民調及其對現行委托調解的啟示
1,友壟斷法中交易不成損害的可賠償性
1,論中國法理學的實踐轉向——三十餘年法理學學術史考察
1,刑事政策與刑法解釋中的價值判斷——兼論解釋論上的以刑制罪現象
1,公立大學教師是否為刑法上之公務員?
1,略論人格權的類型體係
1,刑事審判公開實施效果實證研究——基於傳統與信息化兩個途徑的考察
1,我國罷工立法與罷工轉型的關係
1,走進法律經濟學:第三章  罪與罰--解讀刑法
1,類型思維的興起與刑法上之展開路徑
1,商談視野下的程序品格
1,嵐律師編著《刑事訴訟法爭點解讀》
1,刑事訴訟法第473條與金融八法修正
1,評析沒收新制中之被害人優先保障規定──兼評金融八法沒收條款之修正爭議
1,睿律師編著《刑事訴訟法解題書》
1,路律師編著《刑事訴訟法(上)圖說》
1,黃博彥(黎律師)編著《刑事訴訟法研析(下)》
1,日本第三審嚴格法律審與個案救濟－－以刑事訴訟法第411條為重心
1,刑事訴訟法第159條之1第2項適用之範圍——最高法院102年度第13次刑事庭會議決議評析（下）
1,“排除合理懷疑”適用效果的實證研究──以《刑事訴訟法》修改前後共40件案件爲樣本
1,連續犯規定刪除的真正衝擊在刑事訴訟法
1,刑事訴訟法第159條之1第2項適用之範圍——最高法院102年度第13次刑事庭會議決議評析（上）
1,路律師編著《刑事訴訟法一本通》
1,簡評2017 年修正的刑事訴訟法第376 條
1,半套的起訴門檻審查，有效嗎？－－以德國刑事訴訟法中間程序為借鏡
1,訴訟：落實憲法訴訟權保障—立院三讀刑事訴訟法修正
1,刑事訴訟程序上之限制出境初探－－以德國刑事訴訟法為例
1,2017年德國刑事訴訟法為保全追徵與罰金執行的假扣押──財產權保障與刑事訴訟上有效執行需求權衡的啟發
1,刑事訴訟法第163條第2項但書規定之「公平正義之維護」所指的範圍為何？(最高法院106年度台上字第12號刑事判決)
1,試評釋字第737號解釋及2017年新修正的刑事訴訟法
1,刑事訴訟法第131條之1同意搜索之規定，應如何判斷受搜索人係出於「自願」而為同意？(最高法院100年度台上字第376號刑事判決)
1,調查官職權行使法理論與實務之研究
1,簡評釋字第752號解釋及刑事訴訟法的相關修正
1,關於為受判決人利益聲請再審之事由，刑事訴訟法第420條第1項第6款所謂「確實之新證據」應如何解釋？(最高法院106年度台抗字第297號刑事裁定)
1,評聶樹斌案再審判決回避王書金 兼論《刑事訴訟法》第242條之修改
1,刑事訴訟法檢察官不起訴處分確定力之檢討
1,黃博彥（黎律師）編著《刑事訴訟法研析(上)》
1,刑事訴訟法第288條第3項規定之實務運作觀察
1,2017年「刑事訴訟法部分條文修正草案」簡介及淺評
1,2017刑事訴訟法修法簡介
1,刑事訴訟法修法：偵查中羈押之強制辯護與閱卷權
1,台灣日治時期「刑事訴訟」近代化之探討
1,試析刑法親親相隱的歷史軌跡和當代價值
1,最高行政法院一○五年度裁字第一三六四號裁定
1,非法證據排除規則的立法表述與意義空間－－《刑事訴訟法》第54條第1款的法教義學分析
1,路律師編著《刑事訴訟法（下）(圖說)》
1,促成性交易罪及補強法則之適用範圍－－評臺灣高等法院104104104年度上訴字第1553155315531553號
1,睿律師編著《刑事訴訟法解題書》
1,刑事訴訟法偵查不公開與刑法洩漏國防以外機密罪之關係－以臺灣臺北地方法院102年度矚易字第1號刑事判決為例
1,媒體與司法（偵查不公開之再省思）
1,檢察官的倚天劍與屠龍刀──從制度面談辦案品質之提昇
1,刑事訴訟法增訂保全扣押相關條文立法過程與簡釋
1,王子鳴律師編著《刑事訴訟法(上)(下)》－－專題研究：以「三階段審查基準說」判斷告知義務違反之效果
1,路律師編著《刑事訴訟法（上）》
1,私人逮捕現行犯之客觀前提要件──由德國刑事訴訟法第127條暫時逮捕之規定出發
1,韓國刑事訴訟法上扣押搜查的令狀主義和電子證據的證據能力
1,刑事訴訟法擬增訂「沒收特別程序」相關規定
1,RCA流行病學研究
1,誠信原則於時效抗辯中之適用──借鑑於日本塵肺訴訟案例
1,適用「揭穿公司面紗原則」於母公司環保法律責任之認定（會議記錄）
1,臺灣高等法院及所屬法院民、刑事類具有參考價值裁判評析會議記錄
1,科學實作與毒物侵權訴訟中的時效問題
1,誠信原則於時效抗辯中之適用（會議記錄）
1,GPS監控位置資訊的法定程序
1,選定當事人制度以及總額給付（會議記錄）
1,臺灣高等法院102年度金上重訴字第47號證券交易法等案件判決評析
1,環保及職安案件中因果關係之認定（會議記錄）
1,壽險躉繳保費或首期保費支付之問題∕臺南高分院103保險上14判決
1,刑事訴訟法追加起訴之探討──臺灣高等法院102年度金上重訴字第47號判決為例
1,論揭穿公司面紗理論於RCA判決中之適用與評析
1,恐嚇危安罪或強盜未遂罪
1,罪有盡時，前科永存～新書介紹：The Eternal Criminal Record
1,刑事訴訟法「交付審判」制度兩個法律問題之商榷
1,嵐律師編著《刑事訴訟法爭議研究》
1,命被告退庭行隔別訊問之缺席審判──探究刑事訴訟法第一六九條的失落法理
1,中國刑事訴訟法學發展評價 （2012-2013）－－基於期刊論文的分析
1,新《刑事訴訟法》視野下的逮捕制度探析
1,實務法學：刑事訴訟法類
1,論刑事訴訟法中酒駕強制呼氣檢查規定之妥適性 
1,論我國檢察權的“三層級”結構－－基於《憲法》與《刑事訴訟法》銜接的考量
1,睿律師編著《刑事訴訟法解題書》
1,實務法學：刑事訴訟法類
1,新《刑事訴訟法》背景下偵查到案制度實施問題研究
1,論公訴人出席法庭辯論的規範要求－－寫在修正後刑事訴訟法實施兩年之際
1,刑事訴訟法上之法定法官原則－－從釋字第六六五號案件事實出發
1,論新刑事訴訟法實施後的公訴變更問題
1,評析大陸刑事訴訟法之監視居住
1,論我國檢警關係之改革－－兼評新刑事訴訟法對檢警關係之修改
1,刑事訴訟法偵查不公開與刑法洩漏國防以外機密罪之關係－－以臺灣臺北地方法院一○二年度矚易字第一號刑事判決為例
1,刑事訴訟法實施中的若干問題研究
1,重罪羈押中「相當理由」概念於我國司法實務之光與影－－以釋字第665號解釋及其後之相關最高法院裁判為中心
1,新刑訴法背景下的強制措施體系
1,稅捐稽徵程序非法取證規定之檢討－－兼論刑事訴訟法上相關證據法則之參照可行性
1,邁向「合理」的刑事證明－－新「刑事訴訟法」證據規則的法律解釋要義
1,醫療糾紛自訴之濫用與興革
1,筆尖上的真相－－解讀刑事訴訟法新增筆錄類證據
1,日治時期臺灣的犯罪搜查體系及其科學化的出現
1,"安插牢友與不正訊問——德國聯邦最高法院刑事裁判BGHSt 34, 362譯介"
1,「立法式」解釋：我國刑事訴訟法解釋的困局
1,刑事訴訟法解釋論網
1,美國的保育役權及其對我國之借鏡價值
1,船務代理於海上運送貨損代位索賠之地位——兼評最高法院94年度臺上字第1850號民事判決
1,強化被害人在德國刑法與刑事訴訟法中的獨立地位以保護被害人——法律現況概觀
1,活用訴訟外紛爭解決機制解決勞資爭議問題——以檢視協調、調解機制為中心
1,由法律層面探討美國社會安全信託基金之改革
1,2012年中國大陸刑事訴訟法之評析——以辯護制度與秘密資訊蒐集措施的規定為中心
1,新刑事訴訟法實施：半年初判
1,論統一的同步錄音錄像制度構建——以新《刑事訴訟法》的實施為邏輯起點
1,刑事訴訟法準抗告之實務相關問題
1,論看守所職能的重新定位－－以新刑事訴訟法相關規定為分析背景
1,逮捕的中國問題與制度應對——以2012年刑事訴訟法對逮捕制度的修改為中心
1,刑事訴訟法第73條的法解釋學分析
1,出於當場印象之立即陳述（自然之發言）──最高法院一○一年度台上字第五七二七號刑事判決評析
1,論兩岸「人身自由與安全保障共識」法律定位及與中國大陸新刑事訴訟法間的銜接適用
1,立法原意應當如何探尋：對《人民檢察院刑事訴訟規則(試行)》的整體評論
1,中國刑事訴訟法學發展評價(2010-2011)
1,刑法實例問題之思考與解決兼以101年律師考試刑法及刑事訴訟法第1題作為參考例示
1,量刑辯論構想的思辯
1,論刑事程序之限制出境
1,中國特色社會主義刑事訴訟法學理論研究
1,「曲意釋法」現象批判——以刑事辯護制度為中心的分析
1,司法文明新的里程碑－－2012刑事訴訟法的文明價值
1,試探傳聞例外之法理基礎——以刑事訴訟法第一百五十九條之一為中心
1,中國大陸刑事訴訟法中「技術偵查」之介紹與評析
1,開放的事實——並及我國《刑事訴訟法》的修訂問題
1,從院檢對法官調查義務爭點論刑事程序警察化
1,檢察官舉證責任與法院職權調查義務
1,最高法院法律見解對檢察官的拘束力
1,解讀「技術偵查」與「喬裝偵查」－－以《刑事訴訟法修正案》為中心的規範分析
1,第三審刑事審判應採取全面強制辯護制度
1,速行原則對於刑事訴訟法結構的實質與潛在的影響──速行原則的要求是否改變刑事訴訟程序的面貌？
1,刑事訴訟的立法模式與立法技術批判－－以《刑事訴訟法第二修正案》為中心
1,新刑事訴訟法實施後我國網路犯罪相關刑事程序立法的新發展
1,論“反對強迫自證其罪”的近代歷史演變及新近發展－－兼談2012年《刑事訴訟法》第50條
1,進步及其局限——由證據制度調整的觀察
1,瑞士刑事訴訟之證據使用禁止2
1,敵人刑事訴訟法？——《刑事訴訟法修正案》一國兩制立法模式質評
1,特殊偵查權力的授予與限制——新《刑事訴訟法》相關規定的得失分析
1,論刑事證據法規範體系及合理構建——評刑事訴訟法修正案關於證據制度的修改
1,瑞士刑事訴訟之證據使用禁止1
1,緩起訴處分金運作成效及經驗分享
1,緩起訴制度在我國刑事訴訟法上運作與檢討
1,緩起訴制度的任務與前瞻
1,宋英輝教授演講及座談－－大陸刑事訴訟法修改之光與影
1,刑事訴訟法第161-1條之適用－－以測謊之證據能力為中心
1,刑事訴訟法第376條限制上訴第三審適用範圍之探討
1,新刑事訴訟法論衡——專題絮語
1,土地上生存權之解讀——農村土地承包經營權之權利性質分析
1,應對法律全球化的中國戰略思考——法律全球化高端戰略研討會紀要
1,刑事訴訟法制建設的重大進步
1,自由主義中立性原則的虛弱——對基礎規範理論政治功能的批評
1,如何打造一部好的刑事訴訟法：以實證研究為視角
1,論強制措施概念之修正
1,論我國國情下的最優司法獨立度：一個制度經濟學的視角
1,刑事法律援助與公設辯護人制度的建構——以新《刑事訴訟法》第34條、第267條為中心
1,非法證據緣何難以排除——基於刑事訴訟法再修改和相關司法解釋的分析
1,合憲性推定與違憲審查的神學起源——以15至18紀紀基督教良心的雙重義務為視角
1,論死刑案件證明標準之完善——新《刑事訴訟法》實施問題思考
1,近30年來日本的民法研究
1,刑事強制措施的基本範疇——兼評新刑事訴訟法相關規定
1,⋘中華人民共和國刑事訴訟法⋙的修改意涵--從保障和維護人權角度分析
1,典範的移轉或失落？──論最高法院2012年1月17日第2次刑事庭會議決議
1,刑事訴訟法官職權調查證據限有利被告事項
1,刑事和解與控辯協商制度的銜接與協調——基於對刑事訴訟法修正案（草案）第274-276條的分析
1,國際社會契約：法治世界的原點架構
1,南朝律學的發展及其特點——兼論「中原律學，衰於南而盛於北」說不能成立
1,作為過程的行政決策——在一種新研究範式下的考察
1,進步抑或倒退：刑事訴訟法修改草案述評
1,刑事訴訟中公安機關定位問題之探討——對刑事訴訟法修正案（草案）規定司法機關包括公安機關之質疑
1,經濟、社會和文化權利國際公約實施問題研究
1,互聯網信息服務市場支配地位的認定及法律調整
1,監督過失的一般形態研究
1,論無罪推定的涵義與刑事訴訟法的完善
1,惡債在國際法中的沈澱與反思——以中國的海外投資風險為視
1,論行政調查正當程序中的令狀主義原則
1,我國民事訴訟法應確立債務人異議之訴
1,刑事訴訟法再修改與被追訴人財產權的保護
1,刑事訴訟法修正案（草案）完善的基本方向——以人權保障為重心
1,罪刑關係法定化困境與人道主義補足
1,中國刑法的百年變革——紀念計亥革命一百周年
1,破碎舞台下的觀看者——讀「遠生遺著」
1,近代法學期刊：司法改革的推手
1,無償合同：民法學與社會學之維
1,關於侵權法的幾點哲學性思考
1,法律體系的存在和效力：強加與承認之間——兼評舒國瀯的「法哲學沈思錄」
1,刑事訴訟法為被告利益再審之要件——評最高法院89年度台抗字第463號裁定
1,非法證據排除規則在大陸的確立
1,中國大陸刑事訴訟法修正草案第一審程序之評析--以卷證併送及準備程序之修正為中心
1,⋘歐洲人權公約⋙對德國刑法及刑事訴訟法之影響
1,人權的淬煉與新生--臺灣刑事訴訟法的過去、現在及未來
1,精神病人強制醫療程序之立法思考
1,傳統和諧法律文化與當事人和解--兼論⋘刑事訴訟法修正案(草案)⋙中當事人和解特別程序
1,2011年大陸刑事訴訟法修正草案評析--以特別程序為中心
1,以臺灣傳聞法則之實踐經驗評析中國刑事訴訟法今年修正草案之證人出庭制度
1,刑事訴訟認識論研究中的基本範疇
1,法治的里程－－2010中美法治對話綜述
1,一得之見——刑事訴訟法第31條第5項偵查中檢察官指定「律師」為智能障礙無法為完全陳述之被告辯護，其律師來源之探討
1,中華民國建國百年與辛亥革命百年兩岸不同的紀念與慶祝方式
1,從溫家寶在「大連達沃斯論壇」的講話論中共政改前景
1,臺海兩岸衝突與合作的初步量化分析
1,中國大陸發表⋘中國的和平發展⋙白皮書的戰略分析
1,大陸農村階層分化與私營企業主政治參與:村民自治的視角
1,中國大陸⋘刑事訴訟法⋙修正案之簡析
1,大陸研發第四代隱形戰鬥機的意義與影響
1,中國大陸宣告失蹤制度與宣告死亡制度之研究
1,勸諭被告認罪陳述在刑事訴訟法上之定位－－最高法院99年度臺上字第3747號、第7055號判決探討
1,刑事訴訟法關於檢察官求刑對法院量刑之拘束
1,半純粹刑事程序公正的內涵——兼論修改我國刑事訴訟法的原則
1,中共對臺戰略運用及其成效:從「強制外交」戰略觀點分析  
1,論中共潛艦東出第一島鏈與美日聯合圍堵之勢
1,第七屆「兩岸經貿文化論壇」評析
1,當前中國大陸城市農民工生存發展困境析述兼論新生代農民工市民化問題
1,從世衛密件事件觀察我國國際參與問題
1,第三次美「中」戰略暨經濟對話(S&amp
1,「中國法院知識產權司法保護狀況（2010年）」白皮書之評析
1,中共的人口普查與人口政策
1,中國大陸刑事訴訟法的改革歷程：維持政權與保障人權之間
1,修法動態：刑事訴訟法
1,見證新世紀法學論著問世的心路歷程－－黃炎東教授新著《新世紀刑法釋要》與《新世紀刑事訴訟法釋要》
1,刑事訴訟法連載:第三講_「通常審判程序」之「外」與之「內」的「例外程序」
1,微物跡證在刑事鑑識應用之案例探討
1,無溶劑寧海德林在紙張上潛伏指紋顯現方法之初探
1,警察鑑識人員作為在刑事訴訟法上定位勘察權的定性
1,打釘槍空包彈射擊殘跡鑑析之研究
1,Stochastic Threshold對STR圖譜判讀的影響
1,Rule of Law and the Criminal Justice Reform in Japan
1,KM靈敏度與顏色外觀狀似血液(斑)物質之特異性檢測
1,火災殘跡鑑定證據能力與證明力之影響因素與評判準則
1,常見織物上微量生物跡證之採樣效能評估
1,車禍現場中熱熔型標線漆鑑識方法之研究
1,戰勝法學英文必備：英美刑事訴訟程序與舉證標準－主筆人：文政大老師
1,試析反公民投票的反法制詭論－以「反對台聯ECFA公投的繆論」為題
1,刑事法組－準備要領及準備方向分析
1,從江國慶案看軍事審判制度之憲法問題與釋字第436號解釋－主筆人：宣政大老師
1,刑法上死亡之認定－評最高法院95年度台上字第1692號判決
1,黃朝義老師刑事訴訟法學說精要（下）
1,論刑事訴訟法之傳承與變革--從我國與德國晚近刑事訴訟法修法談起
1,黃朝義老師刑事訴訟法學說精要（中）
1,公法組－準備要領與各校師資及準備方向分析
1,刑事訴訟法連載:第二講「通常審判程序」之「外」與之「內」的「例外程序」
1,冤獄賠償、國家賠償與特別犧牲－簡評釋字第670號
1,論使用公積與發行公司債設限之調整－解析行政院版2009年公司法第232、241及249條之修正草案
1,不對稱上訴制度之初探
1,民法第906條之1規定適用疑義探討
1,供述證據證據能力之解析
1,刑事證據保全實務探析
1,中國法學會刑事訴訟法學研究會2010年年會綜述
1,醫療行為與傷害罪之關係－主筆人：莫台大老師
1,戰勝法學英文必備：淺談美國司法體系－主筆人：文政大老師
1,略論刑事訴訟實證研究方法－－以經濟學實證方法為借鑑
1,黃朝義老師刑事訴訟法學說精要（上）
1,民商法組 －－以台大、政大、北大、東吳及輔大為中心
1,文書提出義務及事案解明義務之競合與限制
1,釋明程序中之證據方法提出 －－評最高法院98年度臺抗字第928號民事裁定
1,全新刑事訴訟法典--瑞士刑訴改革與整合
1,「公私協力」賠不賠？－－民營化、公辦民營之意義及其是否成立國家賠償責任之分析
1,論我國如何從停止死刑到廢止死刑之立法政策
1,檢察官，我可以閱卷嗎？德國刑事訴訟法關於偵查中辯護人之閱卷權
1,99司法特考、律師高考－－商事法篇
1,新制司法特考法學英文考情介紹（下）：題型破解與題答解析
1,刑事訴訟法連載:第一講「通常審判程序」之「外」與之「內」的「例外程序」
1,台灣刑事訴訟法修正簡介--以1997年以後為中心(下)
1,台灣における刑事訴訟法の改正--1997年以後中心として(下)
1,人大刑事訴訟法學的特色與貢獻
1,鑑定文書是否適用刑事訴訟法第一百五十九條之五傳聞證據之規定
1,法律事實建構論的規則之維--以刑事訴訟為對象的分析
1,瑞士統一刑事訴訟法--瑞士檢察官自2011年起必須面對的若干新挑戰?
1,最高法院2009年度刑事程序法精選裁判座談會
1,L'unification du droit de la proc?dure p?nale en Suisse: quels nouveaux d?fis devront relever les Procureurs helv?tiques d?s 2011?
1,發現犯罪與保障人權——兩份「刑事訴訟法再修改學者（專家）建議稿」初查規定之評析
1,發現真實與人權保障之實踐與省思--刑事訴訟法上的一個嚴肅課題(下)
1,中國大陸刑事訴訟法改革之展望
1,發現真實與人權保障之實踐與省思--刑事訴訟法上的一個嚴肅課題(上)
1,從日本法看犯罪被害人保護--日本犯罪被害保護重要論點歸納與觀察
1,⋘東協憲章⋙基礎上的區域人權保護制度之發展--從歐洲觀點看國際法院裁判落實到內國刑事訴訟法
1,違反刑事訴訟法第一八一條告知義務之證據禁止效力
1,用案例改造刑事訴訟法思維
1,重罪羈押、法定法官原則與司法院大法官釋字第六六五號解釋相關法律問題學術研討會
1,建國六十週年刑事訴訟法制的理論與實踐--中國法學會刑事訴訟法學研究會2009年年會綜述
1,從程序參與之觀點檢討簡易訴訟程序之缺失
1,偵查程序强制辯護之指定及違法效果--以德國刑事訴訟法為觀察重點(下)
1,未依法具結的證人陳述與證據禁止--評最高法院對於刑事訴訟法第一五八條之三適用的看法
1,刑事訴訟法:第二講-刑事訴訟上不告不理的「告」在第二審的意義與法律效果
1,刑事訴訟法:第一講-刑事訴訟上不告不理的「告」在第一審的意義與法律效果(下)
1,刑事訴訟法第一五八條之四的平台定性--以最高法院裁判為例證
1,從內律到王法:唐代僧人的法律規範
1,偵查程序強制辯護之指定及違法效果——以德國刑事訴訟法為觀察重點(上)
1,積欠工資墊償制度所涉及的三個問題——從最高行政法院九十四年裁字第二五六五號裁定談起
1,實質課稅?看世貿組織「中國汽車零件案」及我行政法院相關判決
1,釋字第六五三號之評釋--舊羈押法理之崩解
1,刑事訴訟法:第一講刑事訴訟上不告不理的「告」在第一審的意義與法律效果(上)
1,「公民與政治權利國際公約」與刑事訴訟法之關係(上)
1,「公民與政治權利國際公約」與刑事訴訟法之關係(下)
1,不起訴處分實質確定力之界線
1,刑事訴訟法:第三講:對物及處所之强制處分
1,從訴訟法的角度觀察檢察制度--兼論檢察官之定位及立法
1,割裂下的融合:中國憲法與刑事訴訟法關係解讀
1,中華人民共和國刑事第二審程序--從比較法觀點論起
1,刑事訴訟法:第二講:對人之强制處分
1,從證人記憶探討刑事訴訟法第159條
1,淺論刑事DNA資料庫之擴建與人權保障--以我國去氧核醣核酸採樣條例修正方向探究
1,稅務案件限制出境(住居)之救濟途徑
1,DNA採樣與犯罪防治-從法治國刑法觀點以論
1,起訴後對於法院羈押與否決定不服的救濟兼評大法官釋字第六三九號解釋
1,我們主張刪除「重罪羈押」的理由-刑事訴訟法第101條第1項第3款應刪除論
1,刑事人權法案Q&A-你應該知道的民間版刑事訴訟法修正草案
1,證據開示制度-日本刑事訴訟法的創設
1,回應與應對:我國刑事訴訟法哲學屬性與功能在認識
1,一部被「折扣」的法律-析⋘律師法⋙與⋘刑事訴訟法⋙的衝突
1,刑事訴訟法:第一講:强制處分基礎思維
1,同意搜索
1,衆裡尋他千百度最高法院對於刑事訴訟法第一五九條之一解釋之評析
1,何時詢問被告?談刑事訴訟法第288條第3項規定所衍生之法律問題
1,美國內線交易理論演進與實務發展簡介
1,羈押具保與被告辯護權保障
1,檢策計程車駕駛人執業登記之管理
1,論流氓檢肅之法制與流氓條例未來之走向
1,德國刑事訴訟法第81g條去氧核醣核酸分析
1,中美兩國偵查中羈押制度之比較研究
1,警察權
1,再探準強盜罪
1,入出境管制與人民居住遷徙的自由
1,法官量刑影響因素的質化研究:以强盜犯罪的刑事審判為例
1,試論刑事訴訟法律監督工作機制的完善以優化檢察職權配置為視角的思考
1,檢肅流氓條例終於走入歷史了嗎?
1,違法性錯誤之刑事責任
1,論全民防衛動員與關鍵基礎設施安全防護
1,以民為壑?試評刑事訴訟法地一六五條之二、第三一條之一及第三六六條之一修正草案
1,台灣刑事訴訟法修正簡介-以1997年以後為中心(上)
1,贓物罪的保護法益與客觀要件的解釋 
1,從美、日不動產證券化發展經驗探討我國現況
1,刑事訴訟法中之法理與類推適用--以南迴搞軌案為例
1,初探被害人審判中閱卷應有之限制簡評刑事訴訟法第二七一條之一第二項告訴代理人準用第二三條審判中閱覽證之規定
1,日本行政立法訂定程序法制化之考察以意見公募程序為中心 
1,類推適用第一五九條之三
1,刑事訴訟法關於準抗告後不得抗告之規定合憲
1,從「精密司法」之精神看大陸刑事訴訟法的再修改 
1,巴塞爾跨國銀行監理協議演進之初探兼論我國對於外國銀行分支機構監理法規 
1,罪刑法定與法律變更之關聯2006年刑總修訂後之相關困境及其對策 
1,林山田教授訴訟法學思想
1,論刑事訴訟法第158條之3之適用(下)
1,登奇萊主、北峰
1,論刑事訴訟法第158條之3之適用(上)
1,論美國憲法性刑事程序的規則構造及借鑑－以我國刑事訴訟法規則修訂為中心
1,刑事訴訟法第二百七十一條第二項被害人於審判期日陳述意見之運用檢討以日本刑事訴訟法第二百九十二條之二為借鏡
1,刑事訴訟法第四八七條規定附帶民訴要件及由民事庭審理免納裁判費範圍(下)實務見解彙整及評析
1,開創自白法理的新紀元
1,僅以判決所採法令見解不同不得為非常上訴之理由
1,刑事訴訟法再修改之反思
1,第一審公訴案件準備程序之檢討(下)
1,刑事訴訟法新制之檢討與再造以辯護人立場為中心
1,緩起訴處分與行政罰法第二六條第二項不起訴處分之法律關係從憲法禁止雙重危險原則加以檢視
1,刑事訴訟法第四八七條規定附帶民訴要件及由民庭審理免納裁判費範圍(上)-實務見解彙整及評析
1,撤銷羈押後繼續羈押之質疑—兼評二七年刑事訴訟法羈押規定修正
1,刑事訴訟法治視國中的理論新探索
1,偵查不公開與得公開之界限—兼評高雄高分院九十五年抗字第一五四號裁定
1,投資詐騙罪之保護法益與相關問題以證券發行市場之投資詐騙為中心
1,檢察一體原則與鑑定報告的證據能力—評最高法院九十五年度台上字第六六四八號刑事判決
1,兒童虐待與不作為之參與犯
1,論我國刑事訴訟法上通常審判程序之實務流程暨其運作之相關問題
1,偵查階段供述證據保全的法理探討—以刑訴法第一五八條之二第二項為中心
1,論刑法第一百八十五條之四肇事逃逸罪之評價矛盾與違憲問題
1,論告知義務刑事訴訟法第95條第1、2、3款規定與證據使用禁止
1,刑事準備程序中事實上之爭點整理最高法院九十六年度台上字第二四號判決析述
1,過失犯理論與信賴原則之變遷與檢討兼論醫者對患者之信賴
1,刑事訴訟法第159條之5同意作為證據規定在適用上之檢討
1,由被告詰問權保障論我國刑事訴訟法第一百五十六條第二項之規定
1,論偵查作為主體兼論如何重塑平行互助協力的優質檢警關係
1,經由刑事司法互助取證的證據能力從台灣高等法院九十五年度矚上重訴字第三號判決而論
1,證人科罰問題之檢討台北地方法院刑事裁定九十五年度矚重訴字第四號、高等法院刑事裁定九十六年度抗字第一四二號裁定評釋
1,對質詰問權與傳聞法則的交互影響以刑事訴訟法第159條之1的存廢及解釋爭議為例
1,構建和諧社會與刑事訴訟法再修改-2007年中國刑事訴訟法學研究會年會綜述
1,刑事訴訟法之結構與個人權利之保護一個比較法的觀察
1,以一事不再理論再審
1,對質詰問與上級審--歐洲法發展與我國法走向之評析
1,刑事法治的理想與立法局限刑事訴訟法修改研究之綜述與反思
1,和諧的刑事訴訟法評⋘刑事訴訟法再修改專家建設稿⋙
1,刑事證據法入門:第一講-刑事舉證責任的分配
1,「停止偵查」或「偵查終結」刑事訴訟法第三二三條第二項前段規定對偵查所生效果
1,自訴案件之第二審上訴
1,德國刑事訴訟法對被告人的保護
1,記者有無拒絕證言權
1,刑事訴訟法修改之基本理念及基本原則
1,從公訴觀點看刑事訴訟法「協商程序」之實務運作
1,二五年學界回顧刑事訴訟法
1,論準備程序有關證據能力爭議之調查--最高法院九十四年度台上字第七二七四號判決之闡析
1,應速修法廢除「附民裁定移送」制度 (上)
1,刑事訴訟法草案中以「科刑不當」為上訴理由之研究
1,刑事訴訟法之修正與刑事辯護
1,陈卫东:刑事诉讼法的修改方案应向全社会公开
1,日本戰後刑事訴訟法與刑事警察之發展
1,刑事訴訟法再修改需要關注的幾個問題
1,我國刑事訴訟法制度改革之回顧
1,論禁止強制取證之原則 
1,刑事訴訟法上的一審定讞
1,刑事訴訟法四百二十條第一項第六款確實之新證據—現行法之檢討與修正草案的檢視—
1,訴因之迷思
1,警察鑑識組織體系組織變革之研究以實施刑事訴訟法當事人進行主義為例
1,從比較法之觀點論我國刑事訴訟法上違法逮補之衍生證據與權利告知義務之關係兼評臺灣高等法院臺南分院93年度上訴字第703號刑事判決
1,現代刑事訴訟法的「帝王」原則:程序法定原則重述
1,⋘聯合國反腐敗公約⋙與刑事訴訟法再修改
1,2005年刑事诉讼法学学术研究回顾
1,关注法律修改、完善诉讼程序——2005年中国刑事诉讼法学研究综述
1,刑事訴訟法上關於職業秘密拒絕證言權之探討
1,與談「刑事訴訟法上關於職業秘密拒絕證言權之探討」
1,刑事訴訟法修正後之實務運用
1,自白在偵查程序中的真實
1,論緩起訴制度在我國刑事訴訟法上之檢討
1,從比較法之觀點檢討我國刑事訴訟法上經本人同意之搜索-兼評台灣高等法院93年度台上字第6294號刑事判決
1,從比較法之觀點檢討我國刑事訴訟法上第三人同意之搜索
1,檢察官同一性之研究兼檢察署草案評析
1,刑事訴訟法修正
1,簡評刑事訴訟法修正草案「即時抗告」制度
1,"刑事訴訟第二審撤銷原判決時,應自為判決?或發回更審?刑事訴訟法修正之芻議"
1,論緊急搜索在我國刑事訴訟法上之適用—兼評最高法院九十三年度台上字第一六三一號刑事判決
1,刑事訴訟法
1,論無罪推定原則在大陸刑事訴訟法中規定與實踐
1,受有效律師協助的權利——以美國法為參考
1,審判外指認之證據能力與「門山指認法則」(MansonTest)兼評最高法院九十二年度台上第二九七八號判決
1,刑法「牽連犯」及「連續犯」規定廢除後對刑事訴訟法「犯罪事實」概念之影響
1,警察職權行使法與刑事訴訟法交錯地帶之探討
1,刑事證據的邏輯法則之規範運用對二三年刑事訴訟法相關修正條文的謬誤探討
1,德國刑事訴訟法變遷及其在整體刑法之定位
1,刑事诉讼法再修改的基本理念
1,論附帶搜索在我國刑事訴訟法上之檢討
1,以家庭之名強化父權的社會控制——評釋字第五六九號解釋
1,共犯證人與對質詰問—從歐洲人權法院裁判看我國釋字第五八二號解釋之後續發展
1,從比較法之觀點檢討我國刑事訴訟法上之善意例外原則
1,談電磁紀錄證據定義與方法比較加拿大電子證據統一法與我國刑事訴訟法相關規定
1,協商程序與法官保留原則
1,得否對享有拒絕證言權之人實施通訊監察?
1,借鏡日本實況談我國緩起訴制度以被告社會復歸為中心
1,日本近期刑事訴訟法的修改与刑事司法制度的改革——中國政法大學刑事法律中心赴日考察報告
1,從刑事訴訟法的修正談司法警察的强制採取身體樣本權--以英國PACE法為參考例
1,二三年刑事訴訟法判決回顧
1,關於我國刑事訴訟法修改基本方向的思考
1,母子公司相互持股之法律規制
1,2004年法律史學新進展
1,電子證據在新修⋘刑事訴訟法⋙中的法律定位
1,自然人民事责任能力制度之反思与重构
1,解讀「國家尊重和保障人權」——析憲法修改對刑事訴訟法再修改的影響
1,刑事訴訟制度改革中的「底限正義」——對中國刑事訴訟制度改革理路的質評
1,公司資本理念與債權人利益保護
1,美國刑法的結構概要(下)
1,融資浮動擔保中的限制性條款研究
1,欠缺行為能力成年人保護制度的觀念更新與重構
1,刑事訴訟法再修改的理性思考
1,行政訴訟過程的經濟分析
1,憲法解釋的可能性
1,論設置自然壟斷產業政府管制機構
1,刑事訴訟法學研究範式的反思
1,2004年刑事诉讼法学学术研究回顾
1,實用藝術品著作權的保護
1,國際人權法在中國人權法制建設中的地位和作用
1,WTO原產地規則協議與反傾銷措施
1,中國法學向何處去(下)——對蘇力「本土資源論」的批判
1,無票搜索扣押
1,⋘聯合國反腐敗公約⋙資產追回機制與我國刑事訴訟法的完善
1,證據學是一門法學嗎——以研究對像為中心的省察
1,建立我國行政訴訟中的確認無效訴訟制度
1,自由貿易區的法律思考:模式、依據及框架
1,中美法學教育合作機制探索——中美法學院院(校)長會議綜述
1,刑事诉讼法学的系统论趋向
1,九十二年度刑訴類實務見解回顧
1,法院誤認土地管轄權之救濟
1,刑事訴訟程序的「犯罪事實」概念—以所謂「單一性」之檢討為中心
1,探論我國刑事程序中審判外陳述之規定以刑事訴訟法第一五九條之一至第一五九條之五為中心
1,違法證據排除法則之回顧與展望
1,日本違法排除法則之實務發展
1,走在鋼索線上的臺灣新刑事訴訟法  九月生效的臺灣新刑事訴訟法希望在被告權利與公共利益間取得平衡點
1,司法院大法官釋字第五八二號解釋之效力及其可能影響
1,徘徊於傳統與現代之間——論中國刑事訴訟法的再修改
1,從檢察官的角度談二三年刑事訴訟法修正
1,從日本現行刑事訴訟法簡述罪狀認否制度
1,有關協商程序的幾點看法
1,錄音、錄影、電磁紀錄等之調查(刑事訴訟法第一六五條之一第二項)
1,證人到場作證義務  從審計法施行細則第十七條談起
1,加拿大刑事訴訟法問答集
1,關於修正刑事訴訟法之事實審理諸原則 (下)
1,關於修正刑事訴訟法之事實審理諸原則 (上)
1,重點新聞掃描(憲政改革由「制憲」改為「修憲」、刑事訴訟法簡化判決等條文修正、勞工退休金制度發生重大變革)
1,刑事訴訟法新增「協商程序」之探討(下)
1,刑事訴訟法新增協商程序規定之檢討
1,我國新增量刑協商程序運用之芻議
1,俄羅斯聯邦刑事訴訟法的創新發展
1,協商認罪制度的光與影
1,刑事訴訟法新增「協商程序」之探討(上)
1,從意識流、存在論及系統理論來看  刑事訴訟法第一百五十八條之四之權衡法則
1,續論刑事程序之程序從新原則  評刑事訴訟法施行法第七條之三之實務見解
1,中國大陸刑事訴訟法再修改論綱
1,求刑與求刑協商之辨正—最高法院九十二年度台上字第六四九號判決之析述
1,修一部良善的法律－－刑事訴訟法修法公聽會旁聽記錄
1,建構我國刑事訴訟合理構造的理念與原則
1,民事訴訟舉證責任倒置芻議
1,內閣集體負責制及其例外——英國憲政習慣研究
1,美國內幕交易歸責理論研究
1,檢警關係定位問題之研究從貫徹檢察官控訴原則的立場
1,歐盟刑事法典(Corpus Juris)草案  摘譯:刑事訴訟法部分條文 -3-
1,現代法視野中的刑事訴訟
1,論建設工程合同的成立
1,社區矯正的法律問題
1,試論建立我國醫療事故糾紛的仲裁機制
1,擔保物權體系中的建設工程優先受償權——比較法的視角
1,談青年受刑人矯正現況
1,刑事訴訟法再修改之基本理念——兼及若干基本原則之修改
1,人文精神與刑事訴訟法的修改
1,刑事被告人權利的憲法化問題
1,從權力行使型到權力抑制型——刑事程序構造的重新設定
1,羌族繼承習慣法試析
1,財產權的憲法地位評析
1,試論市場規製法與行政法的關係
1,中日刑事非常救濟程序比較研究
1,技術轉移要求、投資鼓勵與國際投資環境的關聯關係——結合WTO貿易與投資關係工作組的研究報告和晚近國際投資立法進行分析
1,形而下的刑法學——陳興良新著⋘規範刑法學⋙讀後
1,人格刑法學的構想(下)
1,論僱主的替代責任
1,違法搜索?
1,公司轉投資、保證、借貸、捐贈規則
1,論證券民事侵權賠償案件的訴訟方式
1,罪刑法定原則視野下的非法經營罪
1,再論刑事附帶民事案件精神賠償問題——走出刑事案件精神賠償的誤區
1,歐共體法中的相稱性原則
1,歐盟刑事法典(Corpus Juris)草案  摘譯:刑事訴訟法部分條文 -2
1,二00四年修正刑事訴訟法簡介
1,刑事訴訟新制實施半年成效暨檢討報告
1,歐盟刑事法典(Corpus Juris)草案  摘譯:刑事訴訟法部分條文 -1-
1,"公務員犯刑事訴訟法第三百七十六條第二款至第五款罪名之案件,不得上訴第三審之疑義"
1,刑事訴訟法之準備程序（二）
1,刑事訴訟法之準備程序（一）
1,涉外監護事件判決之問題 -- 吳憶樺回巴西
1,刑事訴訟法之準備程序（四）
1,刑事訴訟法之準備程序（三）
1,鑑定留置與鑑定證據 -2-
1,鑑定留置與鑑定證據 -3-
1,舉證責任兼論刑事被告之地位及其舉證義務
1,鑑定留置與鑑定證據 -4-
1,本土化之證據排除法則最高法院判決之回顧與前瞻
1,證據保全
1,俄羅斯聯邦刑事訴訟法典的變遷及其制度創新
1,2003年刑事诉讼法学学术研究回顾
1,鑑定留置與鑑定證據 -1-
1,中國近代刑事訴訟法學的誕生與成長
1,刑事訴訟法再修改要論
1,德國的選擇辯護人制度及其借鑒
1,新制下「告訴代理人」的角色與功能
1,社會變革與刑事訴訟轉型——新⋘俄羅斯聯邦刑事訴訟法典⋙評介
1,論自訴程序規定之缺失
1,「從新修正刑事訴訟法談傳聞法則之適用以案例研討為中心」與談人書面報告
1,新修正刑事訴訟法有關被告自白之證據能力及調查
1,被告非任意性自白答辯之調查 -2-
1,傳聞證據 (下)
1,從新修正刑事訴訟法談傳聞法則之適用--以案例研討為中心
1,「從新修正刑事訴訟法談傳聞法則之適用以案例研討為中心」與談人書面報告
1,「從新修正刑事訴訟法談傳聞法則之適用以案例研討為中心」與談人書面報告
1,傳聞證據 (上)
1,我國傳聞法則之研究
1,從美國法檢討我國傳聞法則之規定
1,論法律與法治的區別
1,徐自強擄人勒贖殺人案評最高法院九十二年度台非字第二四二號等相關判決
1,刑事證據保全制度--談刑事訴訟法增定之證據保全 (上)
1,淺論稅捐機關於稅捐核課期間內發現應徵稅捐之意義--兼解析最高行政法院九十二年度五月份庭長法官聯席會議決議 (上)
1,簡式審判程序之研究
1,刑事證據保全制度--談刑事訴訟法增定之證據保全 (中)
1,淺論稅捐機關於稅捐核課期間內發現應徵稅捐之意義--兼解析最高行政法院九十二年度五月份庭長法官聯席會議決議 (下)
1,被告非任意性自白答辯之調查 -1-
1,刑事證據保全制度--談刑事訴訟法增定之證據保全 (下)
1,準備程序與審判程序 -3-
1,法院審理性侵害案件與九十二年刑事訴訟法證據規定之修正
1,準備程序與審判程序 -4-
1,談自訴之修正 (上)
1,準備程序與審判程序 -5-
1,談自訴之修正 (下)
1,準備程序與審判程序 -6-
1,準備程序與審判程序 -2-
1,九十二年二月十九日司法院「訂定協商制度」會議記錄
1,主義變遷中之我刑事訴訟法 (下)
1,準備程序與審判程序 -1-
1,二00三年刑事訴訟法新修正條文簡介(八)
1,刑法之共犯理論(下)
1,二00三年刑事訴訟法新修正條文簡介(九)
1,刑事訴訟法新修正與傳聞法則
1,刑事訴訟法修正要點
1,主義變遷中之我刑事訴訟法(上)
1,從假釋審查機制尋找刑罰的目的  由「悛悔有據」談起
1,二00三年刑事訴訟法新修正條文簡介(七)
1,二00三年刑事訴訟法新修正條文簡介(五)
1,二00三年刑事訴訟法新修正條文簡介(六)
1,商標案件處理未逐一提出委任書之處理
1,立法委員反對行政訴訟改採有償制
1,九十一年警察機關處理侵害智慧財產權案件統計表
1,章程訂定公司債可轉換股份數額對於公司發行新股之影響
1,集體商標、證明商標註冊及管理辦法
1,外、台商投資大陸圖書、報紙、期刋分銷企業管理辦法
1,修正一般廢棄物回收清除處理辦法草案
1,投資人保護團體訴訟簡介
1,我國刑事訴訟法關於物證、書證調查方式修法之檢討
1,强制抽血取證正當性之研究
1,當月法律事件
1,公會動態
1,傳聞證據與同意 (下)
1,行政院會通過海關緝私條例修正草案
1,地方法院檢察署智慧財產權案件偵查收結情形
1,日本專利申請規費調整
1,公司公開發行後董事轉讓持股其股份數應累計計算
1,跨國企業邀請大陸地區人民來臺從事商務相關活動許可辦法
1,保險業投資金融衍生商品不需再向保險司提出申請
1,共同被告之調查
1,誘捕適法性之檢討
1,機關內部意見或律師個人經驗作為辯論基礎之容許性  淺談法庭倫理規範之建立
1,傳聞證據與同意 (中)
1,從比較法觀點談法國、瑞士及比利時家事法上運用公證制度之概況 (中)
1,刑事訴訟法修正
1,刑法增訂妨害電腦使用罪專章
1,地方法院檢察署智慧財產權案件判決確定情形
1,俄國專利法修正
1,董事會或任何股東可於選舉時提供下屆董監事名單
1,擴大授權辦理公司登記業務
1,保險業於九十二年六月底前應完成內部控制
1,修正銀行發行金融債券辦法
1,論刑事訴訟之檢閱抄錄權
1,刑事訴訟法傳聞法則修正評析
1,商標立體化造型之侵害
1,修正著作權法
1,歐盟專利申請翻譯費用調降及專利法庭設置
1,加拿大專利實務小實體資格的有效期間
1,關於審理商品房買賣合同糾紛案件的解釋
1,勞委會指定適用八周彈性工時之行業
1,保險業RBC制度七月九日實施
1,配合指數股票型基金上市修改之法令
1,編者的話
1,從美國法論交互詰問制度下傳聞證據的禁止
1,公會會議紀錄
1,刑事訴訟法新修正重點概述
1,外國使用證據無法用以認定商標在我國著名
1,助理並非著作之共同著作人
1,專利優先權實務
1,南非專利法修正
1,外資併購境內企業暫行規定
1,馳名商標認定和保護規定
1,勞委會發布關於大量解僱勞工保護法適用解釋
1,分期給付之退職所得應合併計算免/應稅所得
1,刑事訴訟法新修正後律師角色的調適
1,新刑事訴訟法下之辯護要領
1,裁判要旨選輯
1,傳聞證據與同意 (上)
1,二00三年刑事訴訟法新修正條文簡介(四)
1,「證據保全」立法之檢討評刑事訴訟法新增修證據保全規定
1,二00三年刑事訴訟法新修正條文簡介(二)
1,二00三年刑事訴訟法新修正條文簡介(三)
1,申請一併徵收剩餘土地與陳述意見之適用疑義
1,二三年初新修正刑事訴訟法被告及共犯自白規定的檢討
1,從新修正刑事訴訟法談傳聞法則
1,二00三年刑事訴訟法新修正條文簡介(一)
1,二三年一月刑事訴訟法修正簡介(下)
1,交互詰問制度及規則簡介--以92年1月14日新修正之刑事訴訟法為中心
1,論最新修正刑事訴訟法之傳聞法則
1,誹謗罪之實體要件與訴訟證明  兼評大法官釋字第五九號解釋
1,二三年一月修正刑事訴訟法之簡介(上)
1,刑事訴訟法期末考試題--不自證己罪原則的幾個基本問題
1,[「我國採傳聞法則必要性之探討--對刑事訴訟法有關傳聞法則修正草案的檢討」]研討會附件--最高法院起訴狀一本主義法條化之研修條文傳聞法則部分
1,蘇建和案與新修正的刑事訴訟法 
1,刑事訴訟法修正後 
1,[「我國採傳聞法則必要性之探討--對刑事訴訟法有關傳聞法則修正草案的檢討」研討會]--議題討論
1,我國採傳聞法則必要性之探討對刑事訴訟法有關傳聞法則修正草案的檢討
1,德國刑事訴訟法對傳聞證據的處理
1,新法下緊急搜索之心證門檻、要件及違法搜索之證據排除
1,2002年刑事诉讼法学研究的回顾与展望
1,證人當然要到法院來陳述回應法務部對於刑事訴訟法第一五九條之三草案之評論
1,兩岸刑事訴訟法之比較研究
1,發展中國刑事訴訟法制應探索的主要問題
1,俄羅斯聯邦新刑事訴訟法典中的證據法問題
1,急迫性搜索之事後救濟兼評刑事訴訟法第一三一條之修法
1,從加州觀點談專家證人(鑑定人)
1,刑事訴訟法上之業務關係拒絕證言權
1,日本刑事訴訟法的理念與現實——20世紀後期日本刑事訴訟制度的回顧與展望
1,論修正刑訴法之傳聞法則及其例外
1,刑事訴訟法案例系列(5)--起訴審查之部分駁回(1):合併起訴
1,民法法典化及其限制
1,法律職業同質化的必由之路統一司法考試研討會觀點紀要
1,法典法、判例法與中國私法的走向
1,日本明治初期的民法編纂
1,權利話語/實踐的艱難展開1996年中國刑事訴訟法典修改的反思
1,刑法視域中「類型化」方法的初步考察
1,中小企業促進法實施中的法律與政策問題研究
1,權利與法律權利概念再辨析
1,論刑法中人的資格與排除
1,中國股票非公開發行研究以美國法為視角
1,論刑事訴訟法修正後對於刑事司法實務之影響
1,羈押審查與羈押理由之開示
1,集中審理之體驗 -2-
1,談偵查中羈押之審查 (中)
1,新修正刑事訴訟法案例系列(4)--起訴審查制度(刑事訴訟法第161條第2項)的若干疑義
1,集中審理之體驗 -3-完
1,談偵查中羈押之審查 (上)
1,談偵查中羈押之審查 (下)
1,刑事訴訟法起訴審查制度若干疑義之檢討
1,「刑事訴訟法上交付審判新制的檢討」學術研討會議題討論
1,開法律漏洞不能保障人權-透視林毅夫叛逃的是非真相
1,由消費者保護法的實施談國內首宗消費團體訴訟與判決
1,臺灣法制之回顧與前瞻  著作權法
1,「從新刑事訴訟法談緩起訴制度」研討會--議題討論
1,蕭夢樓瑣記-法律人的遐思(十四)
1,修正刑事訴訟法第一百六十一條初探
1,台灣法治發展的回顧與展望
1,論法拍房屋停車位之歸屬
1,公會動態
1,集中審理之體驗 -1-
1,臺灣刑事訴訟法制之回顧與前瞻
1,緩起訴制度之研究
1,新修正刑事訴訟法案例系列(3)--緩起訴期間與自訴限制
1,當月法律事件
1,裁判要旨選輯
1,公會會議紀錄
1,證券投資信託及顧問之立法芻議
1,通訊科技發展與民事訴訟實務  以當事人書狀傳真之實務問題為中心
1,新修正刑事訴訟法案例系列(2)--緩起訴處分之要件及撤銷
1,WTO與中國行政訴訟制度的發展——兼論對現行行政訴訟法的修改
1,WTO與我國民事訴訟改革
1,司法功能與司法公正、司法權威
1,我國法人民事責任制度之檢討
1,法律服務分流制的構想——兼論法律服務市場的淨化
1,論唐代明法考試制度的幾個問題
1,刑事訴訟法學研究的開拓與創新——評⋘刑事審判前程序研究⋙
1,「經理股票期權」的法律分析
1,著作權權利管理信息保護與著作權立法
1,刑事案件庭前審查及準備程序研究
1,論前科效應的理論基礎
1,設立憲法監督委員會芻議
1,俄羅斯不動產物權變動及其登記制度的特點
1,論21世紀國際生態環境安全與世界和平
1,WTO與刑事訴訟法律制度的改革
1,行政公開的法律思考
1,應對WTO挑戰的行政改革
1,加入WTO後中國法學教育發展的趨勢
1,刑罰輕重的根據——兼論「嚴打」
1,中國司法考試制度建構的思考
1,國家透過公共場所的監視器對人民基本權利的干預
1,「評刑事訴訟法第一六一及一六三條修正」學術研討會-下-
1,物權之優先效力與其例外
1,偽冒扣押之刑責
1,刑訴新法第一六一條與第一六三條--起訴審查制與調查原則
1,故意作為犯--主觀構成要件-2-
1,刑事訴訟法修正
1,民法第一千一百五十一條意義下有關債務之共同繼承
1,行政程序法的適用範圍--解讀行政程序法第三條
1,刑事訴訟法最新通過條文
1,評刑事訴訟法第一六一及一六三條修正學術研討會（上）
1,刑事訴訟法第一六一條、第一六三條文修正草案對照表
1,刑事訴訟法第一六一條、第一六三條文修正草案補充說帖
1,刑事訴訟法之修正意見 
1,罪疑唯輕與捨棄上訴
1,刑事訴訟法第一六一條、第一六三條文修正草案條文對照表
1,刑事訴訟法第一六一、一六三條修正後之新思維、新作為
1,加州司法制度(California Judicial System)之簡介--兼論司法行政組織之國際趨勢 (下)
1,偵查中對被告及第三人為侵入性檢查身體之強制處分  刑事訴訟法第二百零四條與第二百十三條、第二百十五條有關檢查身體為DNA鑑定之問題
1,新修正刑事訴訟法案例系列(6)--交付審判程序時法院的調查範圍與裁定的起訴效力
1,2001年刑事诉讼法学研究的回顾与展望
1,刑事訴訟法之「審判權」概念
1,對刑事訴訟法第一六一條、第一六三條修正草案聲明 
1,"換軌轉彎,小心慢行:刑事訴訟法修正爭議法務部大敗? "
1,刑事訴訟法第一百條之一第一項規定的探討
1,刑事訴訟法第一三一條第一項無票搜索之審查(上)
1,父母離婚後未成年子女之扶養請求權
1,日本重新研採刑事陪審制度--文化、社會、法律的分析 (上)
1,逕行搜索與扣押之合理依據
1,論無令狀之搜索 -1-
1,檢察官論告實務之檢討與展望
1,行政訴訟法中停止執行制度實務之探討 (下)
1,從刑事訴訟法規定論刑事判決之記載 (上)
1,從刑事訴訟法規定論刑事判決之記載 (中)
1,從刑事訴訟法規定論刑事判決之記載 (下)
1,公寓大廈管理條例爭訟實務(下)
1,「搜索新法實務問題探討」研討會--議題討論
1,新修訂刑事訴訟法搜索決定權回歸法院對軍事審判所生實務問題及處理方式
1,檢覈及格取得律師資格者得否充任民間公證人
1,民主的價值與國家的格局
1,證人詢問的策略
1,告訴乃論罪之告訴與刑事訴訟法上告訴、自訴之探討-及刑事訴訟法第三百二十三條之問題
1,從實務及法律探討資產證券化
1,從美國RTC經驗談我國資產管理公司之做法
1,搜索之執行
1,行政訴訟的檢討
1,新法下搜索扣押之理論與實務
1,大陸刑事訴訟法之初探(上)--兼與我國刑事訴訟法相比較
1,婚姻暴力抗制策略之省思--强制力介入乎?調解乎?
1,逮捕、搜索與扣押
1,人身保險複保險之研究
1,計謀採尿與强制採尿
1,不作為犯
1,網路著作權的重製概念、型態及其展望
1,消防與行政强制
1,從司法改革之趨勢論警檢關係之重新建構
1,社會倫理限制理論在正當防衛上之適用可能性~以「原因違法行為」為中心~
1,新修正道路交通管理處罰條例釋疑
1,警察活動之基本觀念~國民對警察之期待與行政關係之三面性~
1,同意搜索
1,論警察攔檢之法規範--以美國警察對行人及汽車欄檢為例
1,論警察命令與行政程序法之施行
1,論警察對營業場所之檢查權
1,國際法上管轄權之域外適用
1,老年安全
1,森林遊樂區內所生旅遊事故之賠償責任--以民事賠償責任與國家賠償責任為中心
1,刑事訴訟百年回顧與前瞻
1,離婚給付規定沿革之考察
1,搜索門檻「相當理由」之內涵
1,論司法警察於刑事偵察程序中應有的定位日本刑事訴訟法制上的思考
1,論夜間搜索之禁止
1,論刑事訴訟法第六條及合併審判之立法缺失與建議 -3-
1,論刑事訴訟法第六條及合併審判之立法缺失與建議 -4-
1,罪疑唯輕與法律評價
1,論刑事訴訟法第六條及合併審判之立法缺失與建議 -1-
1,論酒後駕車罪之諸問題 -2-
1,論刑事訴訟法第六條及合併審判之立法缺失與建議 -2-
1,新修訂刑訴法之緊急搜索
1,羈押審查的決定與救濟台開事件相關裁定評析
1,論量刑如求刑時之不得上訴
1,論刑事訴訟法律觀的轉變
1,2000年刑事訴訟法學研究述評
1,搜索修法之回顧與前瞻
1,搜索與扣押
1,共犯或共同被告自白之相關問題評最高法院八十八年度台上字第三八號判決
1,「搜索修法之回顧與前瞻(2)」研討會--議題討論
1,新修訂刑事訴訟法下的實務問題
1,論刑事訴訟法的可訴性
1,搜索修法之回顧與前瞻書面意見
1,「搜索修法之回顧與前瞻(1)」研討會--議題討論
1,「刑事訴訟法強制處分部分條文修正」研討會--議題
1,應速修法廢除「附民裁定移送」制度 (下)
1,刑事訴訟法强制處分部分條文修正擬議(甲案)
1,搜索及强制處分部分修正建議條文(乙案)
1,搜索及其相關之强制處分之對案(丙案)
1,基因科技之風險調控  風險社會下人權保障與法律調控
1,論刑事訴訟證據法則之修正  評司法院刑事訴訟法部分條文修正草案
1,刑事訴訟法學之再出發評林鈺雄刑事訴訟法(上)(下)兩冊
1,論證券交易法之強制仲裁
1,預審制度與檢察官
1,刑事訴訟法部分修正條文之檢討與評議
1,契約的解釋  比較法與我國實務的觀察
1,陳新民老師學說精要(下)
1,刑事訴訟法證據章修正對案研討會--議題討論
1,林東茂老師學說精要(三)防衛、謊言、性犯罪
1,不正訊問方法之禁止--最高法院八十九年度臺上字第一四五六號判決評釋
1,自訴制度在我國刑事訴訟法之體現
1,刑事訴訟法證據章修正對案研討會--對案條文及建議說明
1,法院依職權調查證據相關法條之對案
1,我國刑事訴訟法修正之省思  以修法方式解決部分刑事訴訟爭議問題之商榷
1,偵查與自訴之競合  評述八九臺非二一九號判決
1,被告缺席審判與非常上訴
1,新論同一案件之告訴與自訴
1,論無預警強制處分權之實質原因
1,戴東雄學說精要（二）
1,論2000年2月刑事訴訟法的新修正
1,論接近使用媒體權
1,林群弼老師學說精要(上)
1,電腦資訊授權法制之保證(Warranty)規定對電子資訊授權契約之影響
1,案件單一性與同一性在刑事訴訟法中的運用
1,美國瑪蘭達法則之發展淺釋
1,委託私人行使公權力之理論與實際 (下)
1,刑事訴訟法上之請求與聲請
1,被告不到庭之第二審審理程序
1,檢察官之起訴裁量
1,正當法律程序原則  刑事訴訟法上一個新的法律原則?
1,多數辯護與共同辯護
1,刑訴第二二八條第三項檢察官之暫時逮捕權
1,評民國八十九年刑事訴訟法之修正
1,論刑事訴訟法第十五條之立法與缺失 (下)
1,論刑事訴訟法第十五條之立法與缺失 (上)
1,刑事訴訟法修正
1,刑事簡易程序中之撤回告訴
1,非任意性自白之放射效力:毒樹果實問題
1,違反夜間訊問規定之自白的證據能力--臺北地方法院八十八年度訴字第八二六號刑事判決評釋
1,21世纪中国刑事诉讼法学前瞻
1,禁止夜間詢問之原則
1,之六:刑事審判之集中審理
1,刑事法律援助的調控範圍與受援對象-兼評⋘刑事訴訟法⋙第34條
1,德國刑事訴訟法上關於「證人保護」之立法動態
1,非任意性自白之繼續效力
1,之一:改革方向綜合研討暨檢察官之舉證責任
1,從刑事訴訟法治透視反對自証有罪原則
1,談研議「起訴狀一本主義及配套制度法條化」暨「建議刑事基本人權入憲之必要性及擬議條文說明」之始因
1,解魅刑事訴訟法審判主義的變革﹖ 檢察官與法官的法庭儀式改變﹖或實質證據認知方法的改變﹖ (上)
1,日本刑事訴訟法上警察對輕微犯罪的處理
1,为什么要进行司法改革1998年中国诉讼法学年会刑事诉讼法学术观点综述
1,完美化追尋中的艱難求索評⋘關於刑事訴訟法實迤中若干問題的規定⋙
1,變更罪名之告知
1,刑事訴訟法證據章修法之方向與展望
1,論刑事訴訟法第一百三十條之「無證搜索」
1,談新刑事訴訟法關於訊(詢)問被告或犯罪嫌疑人規定之修正
1,認罪協商與有罪答辯制度之探究  評析我國刑事訴訟法新增之認罪協商制度
1,美國檢察官在刑事訴訟中之角色及其實務之運作
1,98刑事訴訟法實施座談會綜述
1,論大陸刑訴法中自訴之法制
1,佔用屋頂平臺或地下室與竊佔罪
1,刑事訴訟法學的展望
1,刑事訴訟法執行規範化之我見
1,中國大陸新刑事訴訟法典鳥瞰
1,刑事訴訟法學二十年
1,論刑事訴訟法的新修正(下)
1,刑事訴訟法完善略論
1,論刑事訴訟法的新修正(上)
1,刑事訴訟法修正評析
1,⋘刑事訴訟法⋙確立的控辯庭審模式與檢察機關職能的法律衝突
1,談新刑事訴訟法關於訊(詢)問被告或犯罪嫌疑人規定之修正
1,談新刑事訴訟法關於訊(詢)問被告或犯罪嫌疑人規定之修正
1,評羈押決定權回歸法院之刑事訴訟法修正條文
1,軍事審判之刑事訴訟法制化
1,「毒樹之果實」有毒乎﹖  評花蓮地院八十五年易字第九八九號刑事判決
1,論刑事訴訟法新增訂「退案」制度
1,新修正刑事訴訟法簡介(四)
1,新修正刑事訴訟法簡介(一)
1,新修正刑事訴訟法簡介(三)
1,新修正刑事訴訟法簡介(二)
1,對新刑事訴訟法修正的檢視
1,一九九七年修正刑事訴訟法的法理探討(下)  兼論受大法官會議釋字第三九二號法理影響
1,生活漫談  一九九七年台灣病人人權回顧
1,羈押修法後實務問題檢討
1,公會會議紀錄
1,近半個世紀我國刑事訴訟法學的回顧與前瞻
1,對此次刑事訴訟法修正的一些看法
1,「修正後刑事訴訟法檢討及展望」座談會記錄
1,新修正刑事訴訟法與必要性原則
1,團體協約自治在德國集體勞工法體系中之地位
1,刑事訴訟法修正的幾點檢討
1,刑事訴訟法羈押制度相關條文修正草案之評議(下)
1,刑事訴訟法修正簡介
1,當月法律事件
1,一九九七年修正刑事訴訟法的法理探討(上)  兼論受大法官會議釋字第三九二號法理影響
1,裁判要旨選輯
1,「橘逾淮為枳」的協商認罪
1,人間拾穗
1,修正後刑事訴訟法之檢討及展望
1,公會動態
1,刑事訴訟法羈押制度相關條文修正草案之評議(上)
1,刑事訴訟法一讀修正草案：關於羈押規定的看法
1,以人權為核心的刑事訴訟法
1,誰的月亮圓
1,給施院長的一封公開信
1,少年需要一個溫暖的司法
1,軍事審判改革意見
1,杜絕以刑求換取自白
1,全國司改會議籌備會聲明
1,身心障礙者的在司法體系的困境
1,司法改革與人權
1,一人在押，百人於途
1,司法院改制淡化行政色彩？
1,婦女與司法
1,我們對刑事訴訟法修正的期盼
1,告別侏儸紀：全民改革司法行動聯盟成立記者會
1,傾聽人民的聲音
1,勞工與司法
1,為司法復活而走
1,司法十大罪狀－－全民改革司法行動聯盟（97.10.01）監察院申冤記者會新聞稿
1,一○—九為司法復活而走－－遊行答客問
1,刑事訴訟法執行中若干政策法律問題探討
1,刑事程序公正的國際標準與修正後的刑事訴訟法(下)
1,擴大簡易處刑之範圍，集中有限司法資源於重大案件－－本會刑事訴訟法研修小組結論
1,刑事程序公正的國際標準與修正後的刑事訴訟法(上)
1,日本法上犯罪嫌疑人之偵訊
1,論大陸刑事訴訟法的新修正
1,"台灣台北地方法院刑事判決/八十四年度訴字第二六四三號—國票弊案楊瑞仁、莊明政等人偽造有價證券及炒作股票,被判有罪"
1,民間司改會版刑事訴訟法修正草案總說明
1,誤判與非常上訴制度
1,民間司改會版刑事訴訟法修正草案總說明
1,淺談無罪推定原則在新刑事訴訟法中的運用
1,"最高法院刑事判決/八十五年度台非字第三號—高等法院以多方之煙毒鑑定報告結果為犯罪之認定,與最高法院五十七年台上字三三九九號判例意旨並不違背"
1,刑事訴訟法有關自白之修正條文
1,"最高法院刑事判決/八十五年度台上字第二五七號—不經言詞辯論之案件,被告雖心神喪失,但毋庸停止審判"
1,刑事訴訟法的過去與未來
1,刑事訴訟法研修會草擬條文－－被告之傳喚及拘提
1,堅持懲治犯罪與保障人權相結合立足國情與借鑒外國相結合參與刑事訴訟法修改的幾點體會
1,台灣台北地方法院刑事判決/八十四年度訴字第二三四一號—「凱訊光碟月刋」截取BBS資料刋售違反著作權法被判有罪案
1,"最高法院刑事判決/八十五年度台上字第二六號—公共危險罪之罪數判斷,應依其行為個數定之"
1,一部忠實記載立法研討活動的佳作評崔敏著⋘中國刑事訴訟法的新發展⋙
1,訊問被告應出以罵人嚇人的態度－－刑事訴訟法第九十八條官方實用版
1,中國大陸新刑事訴訟法典述評
1,從精神鑑定探討被告心神喪失抗辯主張  在刑事訴訟法上之防禦
1,關於完善妨害司法活動罪立法的研討
1,統一合同法制訂中的若干疑難問題探討(上)
1,試論與知識產權有關的反競爭行為及其法律控制
1,民間司法改革基金會，刑事訴訟法研修會討論摘要
1,庭審方式之比較兼論我國完善後的庭審方式
1,論特別刑法之間的相互關係
1,國際刑事司法協助各論
1,嚴格執行刑訴法推動檢察工作全面發展
1,濫用職權罪與公民權利保障
1,公司運行結構分析
1,稅收法律體系論要
1,試論⋘管子⋙的法律思想
1,學習修改後的刑事訴訟法的幾點體會
1,努力提高律師的刑事辯護素質
1,加強司法人權保障的新篇章
1,嚴厲打擊刑事犯罪的有力武器
1,從保障人權的高度規定了被害人的訴訟權利
1,析世界貿易組織爭端解決機制兼評貿易報復
1,創製中國「判例法」的途徑兼談中國立法建設面臨的主要任務
1,對刑事訴訟法學基礎理論的探索與開拓評宋英輝著⋘刑事訴訟目的論⋙
1,對適用修改後的刑事訴訟法幾個問題之我見
1,行政訴訟中舉證制度若干問題之研討
1,「司法時令說」及其對中國古代司法制度的影響
1,國家安全機關對刑事訴訟法的適用
1,刑事訴訟法的修改與訴訟民主化的重大進展
1,論修改的⋘刑事訴訟法⋙中幾個主要問題
1,刑事訴訟制度的重大改革刑事訴訟法修改的幾個重大問題述要
1,大陸刑事訴訟法修正簡介
1,刑事訴訟法部分條文修正草案之評估
1,關於修改刑事訴訟法問題的情況反映中國法學會訴訟法學研究會1995年年會綜述之一
1,新刑事訴訟法體現了訴訟公開、文明、民主及公正的時代精神
1,⋘刑事訴訟法⋙修改後的審判工作
1,"司法院大法官解釋第三九二號—檢察機關係廣義司法機關;刑事訴訟法賦予檢察官羈押被告等處分權規定暨提審法第一條以「非法逮捕拘禁—為聲請提審條件,均違憲"
1,論我國保護刑事被害人訴訟權利的新發展兼評我國新的⋘刑事訴訟法⋙
1,關於反貪污賄賂偵查工作適應新刑事訴訟法的幾點思考
